id,comm_type,raw_content,subject,source_id,ingested_at,processed_at,is_processed
ae76eeed-0a1d-499a-9468-a83860bacf29,meeting,"{""id"": ""814BCF8700744AAFABD21C3B"", ""title"": ""Multi-tiered attitude-oriented neural-net"", ""duration"": 141.23, ""calendar_id"": ""67F4E7983B84476A9D9A8EA8941EDC1C"", ""audio_url"": ""https://lee.com//audio.mp3"", ""video_url"": ""http://www.james.com//video.mp4"", ""transcript_url"": ""http://clark-adams.com//transcript.txt"", ""dateString"": ""2025-08-25 13:30:44"", ""host_email"": ""figueroajohn@doyle.net"", ""organizer_email"": ""fjohnson@hall.com"", ""participants"": [""lrobinson@pacheco-smith.com"", ""joshua35@gmail.com""], ""speakers"": [""wdavis@baker.com""], ""meeting_attendees"": [{""email"": ""lrobinson@pacheco-smith.com""}, {""email"": ""joshua35@gmail.com""}]}",Sharable composite monitoring,814BCF8700744AAFABD21C3B,2025-04-06 01:48:11,2025-03-05 11:01:17,TRUE
924be5c7-9a1d-4c0f-897b-9abc9d61a9ef,email,"{""id"": ""75CA815AEE4143BCAF25DD35"", ""title"": ""Cloned human-resource implementation"", ""duration"": 140.47, ""calendar_id"": ""DF99A391725F454EA282FCF4B92196E7"", ""audio_url"": ""https://valencia.net//audio.mp3"", ""video_url"": ""https://carter.info//video.mp4"", ""transcript_url"": ""http://gill.com//transcript.txt"", ""dateString"": ""2025-09-06 03:26:27"", ""host_email"": ""onelson@hotmail.com"", ""organizer_email"": ""megan03@trujillo.com"", ""participants"": [""robinbradley@edwards.info"", ""donald88@burgess-patterson.org"", ""jeffrey28@yahoo.com""], ""speakers"": [""callahaneric@conner.org""], ""meeting_attendees"": [{""email"": ""robinbradley@edwards.info""}, {""email"": ""donald88@burgess-patterson.org""}, {""email"": ""jeffrey28@yahoo.com""}]}",Profit-focused real-time customer loyalty,75CA815AEE4143BCAF25DD35,2025-03-01 08:33:54,2025-05-26 05:07:46,TRUE
8fe7b155-8aac-43b7-a813-d6acc69a50ea,meeting,"{""id"": ""7BFB762A59674089A2D9D487"", ""title"": ""Centralized impactful superstructure"", ""duration"": 34.47, ""calendar_id"": ""1DFB61F4812E4DBCA5186A518FC16A5E"", ""audio_url"": ""https://www.lee.info//audio.mp3"", ""video_url"": ""http://ramirez.com//video.mp4"", ""transcript_url"": ""https://www.pearson.com//transcript.txt"", ""dateString"": ""2025-02-06 05:16:19"", ""host_email"": ""georgetracy@hickman.com"", ""organizer_email"": ""nataliearroyo@dennis.net"", ""participants"": [""donnaarroyo@baker.biz"", ""jenniferross@santos.com"", ""calebsmith@hall.com"", ""whiteheadmichele@palmer.info"", ""jenniferkhan@kennedy.com""], ""speakers"": [""hopkinsmichael@owens-daniel.com""], ""meeting_attendees"": [{""email"": ""donnaarroyo@baker.biz""}, {""email"": ""jenniferross@santos.com""}, {""email"": ""calebsmith@hall.com""}, {""email"": ""whiteheadmichele@palmer.info""}, {""email"": ""jenniferkhan@kennedy.com""}]}",Versatile disintermediate concept,7BFB762A59674089A2D9D487,2025-06-07 20:03:12,2025-07-08 14:30:12,TRUE
8a6d97c0-2925-4314-9f2f-4aee7e71a580,meeting,"{""id"": ""F46243983B87433BABE96151"", ""title"": ""Persevering regional open system"", ""duration"": 120.3, ""calendar_id"": ""23AB4C72C0AF40CDB68293F35D7253FB"", ""audio_url"": ""http://www.lewis.com//audio.mp3"", ""video_url"": ""http://moore-bass.com//video.mp4"", ""transcript_url"": ""http://garcia.com//transcript.txt"", ""dateString"": ""2025-08-03 20:25:05"", ""host_email"": ""michellebarrera@gmail.com"", ""organizer_email"": ""gallowayjoseph@yahoo.com"", ""participants"": [""uhorton@hotmail.com"", ""jamesrobinson@gmail.com"", ""brian97@calhoun.net""], ""speakers"": [""caseyjones@powell.com"", ""barnesbrandy@stewart.com"", ""randy47@hickman-walls.com""], ""meeting_attendees"": [{""email"": ""uhorton@hotmail.com""}, {""email"": ""jamesrobinson@gmail.com""}, {""email"": ""brian97@calhoun.net""}]}",Distributed encompassing forecast,F46243983B87433BABE96151,2025-08-23 21:25:21,2025-03-23 19:12:38,TRUE
a16d7eca-8316-44cf-80d7-48dcc4df5d5c,chat,"{""id"": ""6709DA4EF5F34AA093A6E9EF"", ""title"": ""Enhanced incremental algorithm"", ""duration"": 97.38, ""calendar_id"": ""FFCD2BD827E44A17AA6B83520E6BEA20"", ""audio_url"": ""http://pham-shields.com//audio.mp3"", ""video_url"": ""https://www.rodriguez.com//video.mp4"", ""transcript_url"": ""http://torres-pope.com//transcript.txt"", ""dateString"": ""2025-03-28 13:47:53"", ""host_email"": ""gracefarrell@hotmail.com"", ""organizer_email"": ""rebecca01@hotmail.com"", ""participants"": [""bradley52@hotmail.com"", ""joycearnold@yahoo.com"", ""jonesnicole@gardner.org"", ""tanderson@nolan-flynn.com"", ""evelynestrada@yahoo.com""], ""speakers"": [""sarayoung@gmail.com""], ""meeting_attendees"": [{""email"": ""bradley52@hotmail.com""}, {""email"": ""joycearnold@yahoo.com""}, {""email"": ""jonesnicole@gardner.org""}, {""email"": ""tanderson@nolan-flynn.com""}, {""email"": ""evelynestrada@yahoo.com""}]}",Assimilated stable core,6709DA4EF5F34AA093A6E9EF,2025-06-04 17:58:19,2025-05-08 11:37:23,TRUE
3c10841d-7d22-4661-b770-aae3ad707085,chat,"{""id"": ""54866F1FFFC94475ADDB2C33"", ""title"": ""Programmable national software"", ""duration"": 134.72, ""calendar_id"": ""DD37982133644C8EA1A0D5B3C12A5755"", ""audio_url"": ""http://jones-beck.com//audio.mp3"", ""video_url"": ""https://www.mccullough.com//video.mp4"", ""transcript_url"": ""https://martinez.com//transcript.txt"", ""dateString"": ""2025-08-28 01:00:53"", ""host_email"": ""rasmussenjoshua@hotmail.com"", ""organizer_email"": ""sheila14@gmail.com"", ""participants"": [""rodriguezryan@hotmail.com"", ""gobrien@gmail.com""], ""speakers"": [""jonathanfletcher@gmail.com""], ""meeting_attendees"": [{""email"": ""rodriguezryan@hotmail.com""}, {""email"": ""gobrien@gmail.com""}]}",Re-contextualized exuding initiative,54866F1FFFC94475ADDB2C33,2025-08-01 19:08:41,2025-01-01 03:47:01,TRUE
4427561d-a13f-497e-be60-365c73b67313,chat,"{""id"": ""0827A56E5784456080C85D7E"", ""title"": ""Vision-oriented interactive definition"", ""duration"": 62.3, ""calendar_id"": ""6504B79AB8084F59909DEF9E28FDA533"", ""audio_url"": ""http://grant.info//audio.mp3"", ""video_url"": ""http://schmidt.info//video.mp4"", ""transcript_url"": ""https://manning.info//transcript.txt"", ""dateString"": ""2025-04-11 15:50:25"", ""host_email"": ""jason99@hotmail.com"", ""organizer_email"": ""rramos@gmail.com"", ""participants"": [""donnacampbell@hotmail.com"", ""cardenaskaren@hotmail.com"", ""lindsayhernandez@gmail.com"", ""xcarr@gibson.org""], ""speakers"": [""psnyder@douglas.com""], ""meeting_attendees"": [{""email"": ""donnacampbell@hotmail.com""}, {""email"": ""cardenaskaren@hotmail.com""}, {""email"": ""lindsayhernandez@gmail.com""}, {""email"": ""xcarr@gibson.org""}]}",Versatile dynamic productivity,0827A56E5784456080C85D7E,2025-04-18 16:43:44,2025-07-22 10:51:59,TRUE
8bd9d1db-b3e8-4679-a217-0828c0cae698,chat,"{""id"": ""2CEF1083B9D24FD6A3C04A08"", ""title"": ""Operative national synergy"", ""duration"": 86.99, ""calendar_id"": ""63FBE78163054E62893AEE2B966449B3"", ""audio_url"": ""http://nelson.com//audio.mp3"", ""video_url"": ""https://shelton.info//video.mp4"", ""transcript_url"": ""http://www.vargas-alvarado.com//transcript.txt"", ""dateString"": ""2025-09-07 14:51:39"", ""host_email"": ""joshuajones@yahoo.com"", ""organizer_email"": ""matthew81@hernandez.com"", ""participants"": [""perrymark@perry-clark.biz"", ""gateskathy@yahoo.com""], ""speakers"": [""benderkenneth@yahoo.com""], ""meeting_attendees"": [{""email"": ""perrymark@perry-clark.biz""}, {""email"": ""gateskathy@yahoo.com""}]}",Optimized client-driven Local Area Network,2CEF1083B9D24FD6A3C04A08,2025-03-12 13:50:14,2025-01-20 12:41:12,TRUE
6f71898b-8f89-45b0-ac1c-4ccee457c973,email,"{""id"": ""A2603DF9A8564367A057473A"", ""title"": ""Stand-alone global access"", ""duration"": 69.68, ""calendar_id"": ""2C459C1688954110852308ACA0EF0A0E"", ""audio_url"": ""https://hamilton.info//audio.mp3"", ""video_url"": ""http://gross.com//video.mp4"", ""transcript_url"": ""https://petersen-vargas.com//transcript.txt"", ""dateString"": ""2025-04-06 08:10:50"", ""host_email"": ""dmurphy@yahoo.com"", ""organizer_email"": ""aramirez@yahoo.com"", ""participants"": [""ismith@cooke.com"", ""websterstefanie@combs.com"", ""thomaswilson@marshall.com"", ""stricklandfrank@rodriguez-johnson.com""], ""speakers"": [""mdavid@gmail.com"", ""terrykevin@burke.com"", ""estanley@hotmail.com""], ""meeting_attendees"": [{""email"": ""ismith@cooke.com""}, {""email"": ""websterstefanie@combs.com""}, {""email"": ""thomaswilson@marshall.com""}, {""email"": ""stricklandfrank@rodriguez-johnson.com""}]}",Cross-group even-keeled knowledge user,A2603DF9A8564367A057473A,2025-04-05 16:58:19,2025-06-30 11:23:48,TRUE
fca7df4f-6312-4092-b5d7-7ce55bcb1c0b,call,"{""id"": ""F2843A4AAA8A47B8B2AC9F7C"", ""title"": ""Function-based mission-critical budgetary management"", ""duration"": 48.72, ""calendar_id"": ""3F753CAEDA4043B99454412CDCD4BA45"", ""audio_url"": ""http://jones-soto.com//audio.mp3"", ""video_url"": ""http://www.avery.net//video.mp4"", ""transcript_url"": ""https://www.james.org//transcript.txt"", ""dateString"": ""2025-06-16 12:59:01"", ""host_email"": ""anthony52@yahoo.com"", ""organizer_email"": ""lauren54@haynes.com"", ""participants"": [""jenniferfreeman@vaughn.info"", ""davisjeffrey@hotmail.com"", ""elizabeth57@schmidt.com"", ""qnelson@gmail.com"", ""leslienewton@lopez.org""], ""speakers"": [""wallkenneth@yahoo.com"", ""alexis82@williams-brown.com"", ""agarcia@mitchell.com""], ""meeting_attendees"": [{""email"": ""jenniferfreeman@vaughn.info""}, {""email"": ""davisjeffrey@hotmail.com""}, {""email"": ""elizabeth57@schmidt.com""}, {""email"": ""qnelson@gmail.com""}, {""email"": ""leslienewton@lopez.org""}]}",Integrated non-volatile process improvement,F2843A4AAA8A47B8B2AC9F7C,2025-01-24 09:23:13,2025-08-25 18:10:18,TRUE
d7448cdb-da1e-4a3b-9abf-0e64fb53f0ea,chat,"{""id"": ""99F12380EB3D493DABBB090C"", ""title"": ""Synergistic object-oriented parallelism"", ""duration"": 73.98, ""calendar_id"": ""0B04B38F9B024E7F9D733D018733797A"", ""audio_url"": ""http://williams.info//audio.mp3"", ""video_url"": ""https://www.graham.info//video.mp4"", ""transcript_url"": ""https://morris-garcia.com//transcript.txt"", ""dateString"": ""2025-05-09 01:59:34"", ""host_email"": ""colleenbaker@moore.net"", ""organizer_email"": ""aaronhayes@harrison.com"", ""participants"": [""mcdanielsandra@hotmail.com"", ""owilson@hernandez.com""], ""speakers"": [""brooke94@martinez-barker.biz"", ""mkim@gmail.com"", ""cassandra01@gmail.com""], ""meeting_attendees"": [{""email"": ""mcdanielsandra@hotmail.com""}, {""email"": ""owilson@hernandez.com""}]}",Open-source system-worthy methodology,99F12380EB3D493DABBB090C,2025-04-22 22:23:04,2025-06-05 12:29:07,TRUE
435e4a2a-4e6b-4f3d-ba5c-a58caaf73bd5,meeting,"{""id"": ""71D946641A3746E794E0FFDF"", ""title"": ""Reactive well-modulated moratorium"", ""duration"": 40.43, ""calendar_id"": ""5F97FEC825FF402DA4503476F724D7FC"", ""audio_url"": ""https://kane-pollard.com//audio.mp3"", ""video_url"": ""https://www.williams-garner.biz//video.mp4"", ""transcript_url"": ""https://www.hanna-martinez.org//transcript.txt"", ""dateString"": ""2025-05-09 22:24:53"", ""host_email"": ""qmiller@wilson-barton.net"", ""organizer_email"": ""mgutierrez@cox.com"", ""participants"": [""andrea47@washington.com"", ""andrea86@walker.info"", ""tyronemoran@thornton.info""], ""speakers"": [""yarnold@weeks.com"", ""kendra65@adams.org"", ""seanwashington@yahoo.com""], ""meeting_attendees"": [{""email"": ""andrea47@washington.com""}, {""email"": ""andrea86@walker.info""}, {""email"": ""tyronemoran@thornton.info""}]}",Cross-platform leadingedge attitude,71D946641A3746E794E0FFDF,2025-07-24 06:13:09,2025-06-27 10:52:42,TRUE
aa8bfb26-1064-48c2-985e-b2557b8bf3fc,email,"{""id"": ""2F7C40FD3BE44695AAA633CA"", ""title"": ""Digitized discrete Local Area Network"", ""duration"": 158.3, ""calendar_id"": ""B8A0339D265A4ECF85A4E325DD1D4A45"", ""audio_url"": ""https://estrada-nolan.info//audio.mp3"", ""video_url"": ""https://www.alexander.org//video.mp4"", ""transcript_url"": ""https://wright.biz//transcript.txt"", ""dateString"": ""2025-07-07 15:49:32"", ""host_email"": ""robertpena@jones.com"", ""organizer_email"": ""christianmelissa@hotmail.com"", ""participants"": [""courtney78@gmail.com"", ""crystalmccall@francis.com"", ""tjackson@williams.com"", ""ryan38@yahoo.com""], ""speakers"": [""gregorylynch@harvey-allen.org""], ""meeting_attendees"": [{""email"": ""courtney78@gmail.com""}, {""email"": ""crystalmccall@francis.com""}, {""email"": ""tjackson@williams.com""}, {""email"": ""ryan38@yahoo.com""}]}",Customer-focused disintermediate implementation,2F7C40FD3BE44695AAA633CA,2025-08-11 02:42:21,2025-05-20 09:44:30,TRUE
7a7c0fca-4ac1-492b-b61d-4afca8b79fcf,chat,"{""id"": ""F61DD70107F34F2EB3656263"", ""title"": ""Customer-focused systematic emulation"", ""duration"": 98.01, ""calendar_id"": ""5427CE10F40B4D61AFD619F9FE1CC651"", ""audio_url"": ""https://www.henson.com//audio.mp3"", ""video_url"": ""http://turner.com//video.mp4"", ""transcript_url"": ""https://davis.com//transcript.txt"", ""dateString"": ""2025-05-31 22:26:30"", ""host_email"": ""andrew64@gmail.com"", ""organizer_email"": ""swall@lawson.com"", ""participants"": [""erica21@lucas.org"", ""christopherphillips@hotmail.com"", ""jamesbuchanan@yahoo.com"", ""jonathansummers@yahoo.com"", ""linda71@gmail.com""], ""speakers"": [""zcoffey@diaz.net"", ""vrichardson@baker.com""], ""meeting_attendees"": [{""email"": ""erica21@lucas.org""}, {""email"": ""christopherphillips@hotmail.com""}, {""email"": ""jamesbuchanan@yahoo.com""}, {""email"": ""jonathansummers@yahoo.com""}, {""email"": ""linda71@gmail.com""}]}",Persevering holistic secured line,F61DD70107F34F2EB3656263,2025-07-29 18:57:32,2025-06-12 18:32:40,TRUE
a24965a3-0428-493b-aaa7-1b979a1c12a1,chat,"{""id"": ""FFB9F6056FA341EA90014F2C"", ""title"": ""Customizable stable algorithm"", ""duration"": 83.29, ""calendar_id"": ""69B4ECDCB3D647F79432530886E1DC7A"", ""audio_url"": ""http://www.tyler-young.com//audio.mp3"", ""video_url"": ""http://www.williams-harmon.net//video.mp4"", ""transcript_url"": ""http://www.west-cox.org//transcript.txt"", ""dateString"": ""2025-02-12 08:27:25"", ""host_email"": ""fpena@russell.com"", ""organizer_email"": ""pwallace@garcia-jennings.net"", ""participants"": [""sandersjames@gmail.com"", ""batesdarlene@hotmail.com"", ""buchananjohn@buchanan.com""], ""speakers"": [""lisahall@kramer.com"", ""vanessafernandez@gmail.com""], ""meeting_attendees"": [{""email"": ""sandersjames@gmail.com""}, {""email"": ""batesdarlene@hotmail.com""}, {""email"": ""buchananjohn@buchanan.com""}]}",Organized motivating definition,FFB9F6056FA341EA90014F2C,2025-08-27 21:12:40,2025-01-17 20:11:29,TRUE
1551cdd4-3aa6-492a-a7b7-7c231ee7686c,meeting,"{""id"": ""CECD82CADABB44308109FB83"", ""title"": ""Cross-group attitude-oriented array"", ""duration"": 125.25, ""calendar_id"": ""83C9C4BE3F3745FEB5BF706EBEC21832"", ""audio_url"": ""https://www.rodgers.org//audio.mp3"", ""video_url"": ""https://www.gomez-ortega.biz//video.mp4"", ""transcript_url"": ""http://edwards.com//transcript.txt"", ""dateString"": ""2025-09-13 01:13:33"", ""host_email"": ""bschneider@gmail.com"", ""organizer_email"": ""gsimmons@yahoo.com"", ""participants"": [""lammarc@gmail.com"", ""joshuaschultz@joseph.com""], ""speakers"": [""sgarcia@gmail.com"", ""ohayes@morgan-chavez.biz"", ""ronald45@mcdaniel.com""], ""meeting_attendees"": [{""email"": ""lammarc@gmail.com""}, {""email"": ""joshuaschultz@joseph.com""}]}",Polarized directional benchmark,CECD82CADABB44308109FB83,2025-05-16 23:17:56,2025-08-05 00:46:12,TRUE
6dd1928a-7129-4175-b0f5-e6e05a963f7f,meeting,"{""id"": ""08EBBD73838C4730B4343099"", ""title"": ""Face-to-face hybrid policy"", ""duration"": 86.92, ""calendar_id"": ""76658F6BC40C4C7C8B2BDBE68589D970"", ""audio_url"": ""http://www.turner.com//audio.mp3"", ""video_url"": ""https://wilson-jimenez.biz//video.mp4"", ""transcript_url"": ""http://www.patel-hall.net//transcript.txt"", ""dateString"": ""2025-05-18 13:04:38"", ""host_email"": ""farmeraudrey@yahoo.com"", ""organizer_email"": ""anthony44@bell-white.com"", ""participants"": [""thomascynthia@gmail.com"", ""nicholaschavez@wood.com"", ""moorekaren@craig.info""], ""speakers"": [""alawson@yahoo.com"", ""reeddaniel@gregory.com""], ""meeting_attendees"": [{""email"": ""thomascynthia@gmail.com""}, {""email"": ""nicholaschavez@wood.com""}, {""email"": ""moorekaren@craig.info""}]}",Compatible hybrid support,08EBBD73838C4730B4343099,2025-01-17 10:17:08,2025-06-19 09:51:40,TRUE
61faef55-33ef-44d3-935b-b0a6571feb6a,email,"{""id"": ""98441479CB2E4EB5B7A828D3"", ""title"": ""Persistent web-enabled open system"", ""duration"": 64.36, ""calendar_id"": ""6567FFDA6B2145CD8AD9A631406FA215"", ""audio_url"": ""https://stewart.com//audio.mp3"", ""video_url"": ""https://www.romero-collins.info//video.mp4"", ""transcript_url"": ""http://www.decker-jones.com//transcript.txt"", ""dateString"": ""2025-08-27 20:17:37"", ""host_email"": ""umorse@patterson.com"", ""organizer_email"": ""usmith@solis.info"", ""participants"": [""kimdaniel@yahoo.com"", ""fosterkyle@yahoo.com"", ""kimberly18@wilson.com"", ""joelthomas@gmail.com""], ""speakers"": [""kathleenrios@bean.info""], ""meeting_attendees"": [{""email"": ""kimdaniel@yahoo.com""}, {""email"": ""fosterkyle@yahoo.com""}, {""email"": ""kimberly18@wilson.com""}, {""email"": ""joelthomas@gmail.com""}]}",Right-sized motivating info-mediaries,98441479CB2E4EB5B7A828D3,2025-06-29 16:47:06,2025-08-14 09:03:43,TRUE
33f97d68-64b0-484a-a38c-a2b7eb5c310d,meeting,"{""id"": ""05B96ED948C04836B2D069EF"", ""title"": ""Synchronized tangible support"", ""duration"": 70.16, ""calendar_id"": ""21C896501F9B4A638AC35819CDF880AF"", ""audio_url"": ""http://cox.com//audio.mp3"", ""video_url"": ""https://perez.com//video.mp4"", ""transcript_url"": ""http://romero.net//transcript.txt"", ""dateString"": ""2025-01-15 15:49:55"", ""host_email"": ""kstout@lopez.com"", ""organizer_email"": ""shepherdmary@hotmail.com"", ""participants"": [""benjaminzimmerman@warren-bishop.com"", ""paul59@gmail.com"", ""riveraangela@yahoo.com"", ""jennifer92@yahoo.com""], ""speakers"": [""sabrinacollins@hale.com"", ""vschneider@gmail.com""], ""meeting_attendees"": [{""email"": ""benjaminzimmerman@warren-bishop.com""}, {""email"": ""paul59@gmail.com""}, {""email"": ""riveraangela@yahoo.com""}, {""email"": ""jennifer92@yahoo.com""}]}",Switchable global throughput,05B96ED948C04836B2D069EF,2025-08-29 00:28:14,2025-02-20 21:27:56,TRUE
86700e73-e6cd-4805-9f3c-406981aa8306,call,"{""id"": ""B8C6026F999F4510BCB980E3"", ""title"": ""Cross-group directional knowledge user"", ""duration"": 128.32, ""calendar_id"": ""BDF435EC0AD247E9A954E8749C9735B9"", ""audio_url"": ""https://www.brown-shaw.com//audio.mp3"", ""video_url"": ""https://www.walker-flores.com//video.mp4"", ""transcript_url"": ""https://www.johnson.com//transcript.txt"", ""dateString"": ""2025-07-02 04:25:23"", ""host_email"": ""francisguerra@hotmail.com"", ""organizer_email"": ""xwilliams@ball.info"", ""participants"": [""kylestokes@mckee-lee.org"", ""xhammond@yahoo.com"", ""lisasolis@gmail.com"", ""davidsonmorgan@hotmail.com""], ""speakers"": [""mitchellkathryn@cole-palmer.biz""], ""meeting_attendees"": [{""email"": ""kylestokes@mckee-lee.org""}, {""email"": ""xhammond@yahoo.com""}, {""email"": ""lisasolis@gmail.com""}, {""email"": ""davidsonmorgan@hotmail.com""}]}",Organized reciprocal ability,B8C6026F999F4510BCB980E3,2025-01-31 18:26:15,2025-01-08 09:07:44,TRUE
23429b98-a1a1-47ab-9b95-4af28169d3e5,meeting,"{""id"": ""DC37594F541E4967BF02750E"", ""title"": ""Automated explicit customer loyalty"", ""duration"": 69.73, ""calendar_id"": ""0D31037949614A9CAA38EB1338EC0123"", ""audio_url"": ""http://www.stewart.net//audio.mp3"", ""video_url"": ""https://johnson-lucas.com//video.mp4"", ""transcript_url"": ""https://www.rivera.biz//transcript.txt"", ""dateString"": ""2025-06-20 18:38:32"", ""host_email"": ""marydunn@hotmail.com"", ""organizer_email"": ""parsonsjohn@gmail.com"", ""participants"": [""robertbauer@brown-copeland.info"", ""jennifercarter@mendez.org"", ""elizabethmiller@yahoo.com"", ""myerstheodore@hughes.com"", ""john19@sherman.com""], ""speakers"": [""epollard@white.info""], ""meeting_attendees"": [{""email"": ""robertbauer@brown-copeland.info""}, {""email"": ""jennifercarter@mendez.org""}, {""email"": ""elizabethmiller@yahoo.com""}, {""email"": ""myerstheodore@hughes.com""}, {""email"": ""john19@sherman.com""}]}",Networked global contingency,DC37594F541E4967BF02750E,2025-07-12 16:56:57,2025-07-13 05:15:14,TRUE
692b38eb-a7f8-4745-872c-9544d7f151d2,call,"{""id"": ""BC312FB4147846A4A7D71F40"", ""title"": ""Triple-buffered local data-warehouse"", ""duration"": 117.69, ""calendar_id"": ""EC7097D01FA546F38367B3BE04D6D7B1"", ""audio_url"": ""https://martinez.info//audio.mp3"", ""video_url"": ""http://cochran.com//video.mp4"", ""transcript_url"": ""http://york-joseph.com//transcript.txt"", ""dateString"": ""2025-05-21 09:21:04"", ""host_email"": ""laurie61@yahoo.com"", ""organizer_email"": ""manuel15@phillips.com"", ""participants"": [""sergio59@yahoo.com"", ""jonesdana@yahoo.com"", ""thomascathy@johnson-jones.com"", ""cherring@hotmail.com""], ""speakers"": [""xrush@hines-berry.net"", ""redwards@gmail.com"", ""fitzgeraldvictor@mcintyre-wilson.com""], ""meeting_attendees"": [{""email"": ""sergio59@yahoo.com""}, {""email"": ""jonesdana@yahoo.com""}, {""email"": ""thomascathy@johnson-jones.com""}, {""email"": ""cherring@hotmail.com""}]}",Profound directional capability,BC312FB4147846A4A7D71F40,2025-03-20 01:16:22,2025-02-23 22:25:34,TRUE
deda2792-3473-42c8-8777-ef4743f6ffd6,meeting,"{""id"": ""4DC9E9BC5A1147C199C385F7"", ""title"": ""Profit-focused secondary concept"", ""duration"": 179.6, ""calendar_id"": ""B3B22797411E41D2B3DB55727947151E"", ""audio_url"": ""http://www.weber.org//audio.mp3"", ""video_url"": ""http://www.williams.org//video.mp4"", ""transcript_url"": ""https://www.butler.net//transcript.txt"", ""dateString"": ""2025-04-23 11:56:07"", ""host_email"": ""jjohnson@wood.org"", ""organizer_email"": ""parkeryvonne@mendoza.org"", ""participants"": [""teresaday@owens-holmes.com"", ""ryanbartlett@guerra.com"", ""fernandodonovan@gmail.com"", ""meghan43@hotmail.com""], ""speakers"": [""colleenmendez@gmail.com""], ""meeting_attendees"": [{""email"": ""teresaday@owens-holmes.com""}, {""email"": ""ryanbartlett@guerra.com""}, {""email"": ""fernandodonovan@gmail.com""}, {""email"": ""meghan43@hotmail.com""}]}",Stand-alone exuding matrices,4DC9E9BC5A1147C199C385F7,2025-04-06 02:25:39,2025-06-07 17:03:24,TRUE
3db4a7aa-0eab-4669-abc6-f178f3103732,email,"{""id"": ""14CDECB85B81457C9DA45FFE"", ""title"": ""Horizontal modular policy"", ""duration"": 143.37, ""calendar_id"": ""7C0BF27D3FAC495D830FEF2DD7E26934"", ""audio_url"": ""https://smith.com//audio.mp3"", ""video_url"": ""https://williams-williams.net//video.mp4"", ""transcript_url"": ""http://roberts.net//transcript.txt"", ""dateString"": ""2025-04-19 15:11:08"", ""host_email"": ""djones@gmail.com"", ""organizer_email"": ""nwashington@yahoo.com"", ""participants"": [""michelle55@anderson-wood.net"", ""john14@wright-davis.com"", ""kwright@yahoo.com"", ""kathrynjimenez@hotmail.com"", ""fkoch@gmail.com""], ""speakers"": [""pwagner@aguilar.com""], ""meeting_attendees"": [{""email"": ""michelle55@anderson-wood.net""}, {""email"": ""john14@wright-davis.com""}, {""email"": ""kwright@yahoo.com""}, {""email"": ""kathrynjimenez@hotmail.com""}, {""email"": ""fkoch@gmail.com""}]}",Secured systemic pricing structure,14CDECB85B81457C9DA45FFE,2025-02-16 03:23:56,2025-02-19 23:13:46,TRUE
49e0e471-eab3-41de-a8ba-791acc8f5310,call,"{""id"": ""9D4A6CBF2C6943D2B7A94493"", ""title"": ""Automated object-oriented standardization"", ""duration"": 54.0, ""calendar_id"": ""AD163609EEC24E4A8A62F66F310C64AD"", ""audio_url"": ""http://www.alexander.com//audio.mp3"", ""video_url"": ""https://www.shaw-carr.info//video.mp4"", ""transcript_url"": ""http://www.clark.net//transcript.txt"", ""dateString"": ""2025-05-27 08:15:41"", ""host_email"": ""vbrooks@mcmillan.net"", ""organizer_email"": ""williamsderrick@yahoo.com"", ""participants"": [""ghernandez@gmail.com"", ""francisco94@hotmail.com"", ""terickson@yahoo.com""], ""speakers"": [""mark16@parker.com"", ""tammy99@gmail.com"", ""ojackson@harvey.com""], ""meeting_attendees"": [{""email"": ""ghernandez@gmail.com""}, {""email"": ""francisco94@hotmail.com""}, {""email"": ""terickson@yahoo.com""}]}",Intuitive context-sensitive knowledgebase,9D4A6CBF2C6943D2B7A94493,2025-07-27 01:06:15,2025-05-13 22:43:08,TRUE
e6ff6ad4-3c52-4952-a052-4470dcca3580,call,"{""id"": ""8EED9273BE364D5580B4B384"", ""title"": ""Future-proofed next generation standardization"", ""duration"": 87.24, ""calendar_id"": ""2DF5E87AFADC460A844AB9D3AB975227"", ""audio_url"": ""https://www.gilbert.com//audio.mp3"", ""video_url"": ""http://www.stein.com//video.mp4"", ""transcript_url"": ""https://kennedy.net//transcript.txt"", ""dateString"": ""2025-03-03 08:07:03"", ""host_email"": ""chelsea33@yahoo.com"", ""organizer_email"": ""shellyhendrix@yahoo.com"", ""participants"": [""wstewart@peck.com"", ""xcardenas@gmail.com""], ""speakers"": [""robertsjennifer@yahoo.com"", ""julie33@hotmail.com""], ""meeting_attendees"": [{""email"": ""wstewart@peck.com""}, {""email"": ""xcardenas@gmail.com""}]}",Open-source solution-oriented leverage,8EED9273BE364D5580B4B384,2025-07-05 10:08:33,2025-09-10 15:27:36,TRUE
7fa0ef6c-6275-4958-beb3-23c9579fc9ef,email,"{""id"": ""D944941973DB44869C63C188"", ""title"": ""Triple-buffered zero administration function"", ""duration"": 159.12, ""calendar_id"": ""81220DE2BCE54D73822039A9A86B1786"", ""audio_url"": ""http://mendez-robinson.com//audio.mp3"", ""video_url"": ""https://www.adkins-obrien.biz//video.mp4"", ""transcript_url"": ""https://www.becker.com//transcript.txt"", ""dateString"": ""2025-07-24 02:04:37"", ""host_email"": ""manuel01@andrews.com"", ""organizer_email"": ""lkhan@osborn.info"", ""participants"": [""nancy04@morrison.info"", ""melissamcdonald@gmail.com"", ""francisco74@lopez.org"", ""cherylfowler@wilcox-robertson.com""], ""speakers"": [""lopezdonald@yahoo.com"", ""greenjoe@finley-turner.org"", ""desiree30@wilson.net""], ""meeting_attendees"": [{""email"": ""nancy04@morrison.info""}, {""email"": ""melissamcdonald@gmail.com""}, {""email"": ""francisco74@lopez.org""}, {""email"": ""cherylfowler@wilcox-robertson.com""}]}",Organized multi-tasking strategy,D944941973DB44869C63C188,2025-05-21 12:04:45,2025-01-31 07:58:12,TRUE
4b0987e4-3d30-42ab-ae12-d25e39fa716c,chat,"{""id"": ""3A3649F928724FBE99B391F0"", ""title"": ""Visionary secondary superstructure"", ""duration"": 162.72, ""calendar_id"": ""E6D7A40CA7EB4DBDA5FFC5B22EA25016"", ""audio_url"": ""https://west-stark.biz//audio.mp3"", ""video_url"": ""https://www.brandt.com//video.mp4"", ""transcript_url"": ""http://www.long.com//transcript.txt"", ""dateString"": ""2025-01-09 19:54:30"", ""host_email"": ""poolerebecca@armstrong.com"", ""organizer_email"": ""nwilson@hotmail.com"", ""participants"": [""nolansean@gmail.com"", ""williambryant@gmail.com""], ""speakers"": [""jennifer64@gmail.com"", ""williamsmelvin@weaver.com"", ""mitchellhector@gmail.com""], ""meeting_attendees"": [{""email"": ""nolansean@gmail.com""}, {""email"": ""williambryant@gmail.com""}]}",Innovative maximized service-desk,3A3649F928724FBE99B391F0,2025-07-31 10:35:54,2025-06-14 17:09:35,TRUE
035e037d-bd53-4533-b7e6-f375ef0bbaa6,meeting,"{""id"": ""574D9AC1F3224C94A34C7C34"", ""title"": ""Multi-tiered zero tolerance moderator"", ""duration"": 74.03, ""calendar_id"": ""8AB46E35EDA640A8BB091DCD31EA0A60"", ""audio_url"": ""https://hernandez-bennett.net//audio.mp3"", ""video_url"": ""https://www.turner.com//video.mp4"", ""transcript_url"": ""https://www.gutierrez.biz//transcript.txt"", ""dateString"": ""2025-04-05 07:36:19"", ""host_email"": ""johnreed@yahoo.com"", ""organizer_email"": ""johnsondonna@miranda.com"", ""participants"": [""wheelersean@warner.biz"", ""amberwebster@gmail.com"", ""jim95@harper.com"", ""roberthill@fry.biz""], ""speakers"": [""comptonshelly@hotmail.com""], ""meeting_attendees"": [{""email"": ""wheelersean@warner.biz""}, {""email"": ""amberwebster@gmail.com""}, {""email"": ""jim95@harper.com""}, {""email"": ""roberthill@fry.biz""}]}",Function-based demand-driven groupware,574D9AC1F3224C94A34C7C34,2025-09-09 03:44:07,2025-01-31 16:59:23,TRUE
f24131c3-71fd-449b-8872-f5138e0b93dd,chat,"{""id"": ""9A0D435A5EB547F8A4AD7E87"", ""title"": ""Exclusive full-range emulation"", ""duration"": 173.07, ""calendar_id"": ""74CD758F708843939EB987FDA2117B80"", ""audio_url"": ""https://www.pierce-harding.com//audio.mp3"", ""video_url"": ""https://may.com//video.mp4"", ""transcript_url"": ""http://www.payne.com//transcript.txt"", ""dateString"": ""2025-07-23 11:30:57"", ""host_email"": ""christopher30@yahoo.com"", ""organizer_email"": ""russojacob@hotmail.com"", ""participants"": [""vclark@krueger-smith.com"", ""srocha@padilla.com"", ""powens@yahoo.com"", ""michael77@gmail.com"", ""robin55@yahoo.com""], ""speakers"": [""joycesmith@donovan.com""], ""meeting_attendees"": [{""email"": ""vclark@krueger-smith.com""}, {""email"": ""srocha@padilla.com""}, {""email"": ""powens@yahoo.com""}, {""email"": ""michael77@gmail.com""}, {""email"": ""robin55@yahoo.com""}]}",Automated asynchronous secured line,9A0D435A5EB547F8A4AD7E87,2025-01-19 20:11:12,2025-01-03 11:30:05,TRUE
732c9d46-e3ee-4021-98f3-8856f4a4c45a,chat,"{""id"": ""42B55FE2275C4FEAB383C99B"", ""title"": ""Configurable solution-oriented projection"", ""duration"": 166.89, ""calendar_id"": ""4EA560AE696B491E92273EE5B18858A4"", ""audio_url"": ""http://www.gray-tran.com//audio.mp3"", ""video_url"": ""http://www.porter.com//video.mp4"", ""transcript_url"": ""http://www.lewis.org//transcript.txt"", ""dateString"": ""2025-07-04 15:59:02"", ""host_email"": ""meganhall@hotmail.com"", ""organizer_email"": ""robinsonstephen@williamson.org"", ""participants"": [""ismith@hotmail.com"", ""smithjennifer@hotmail.com"", ""shawheidi@yahoo.com""], ""speakers"": [""hullalice@lee.com"", ""laura15@yahoo.com"", ""veronicaperez@hotmail.com""], ""meeting_attendees"": [{""email"": ""ismith@hotmail.com""}, {""email"": ""smithjennifer@hotmail.com""}, {""email"": ""shawheidi@yahoo.com""}]}",Future-proofed 6thgeneration archive,42B55FE2275C4FEAB383C99B,2025-04-19 21:15:57,2025-07-30 21:24:46,TRUE
fec7f64d-1c0a-4956-946b-87044e3dc0f4,meeting,"{""id"": ""E49B3BDA421341CDA23BA732"", ""title"": ""Multi-tiered attitude-oriented throughput"", ""duration"": 86.09, ""calendar_id"": ""1C99C009464D48A6A6B9623FD5571FEC"", ""audio_url"": ""https://www.jones.com//audio.mp3"", ""video_url"": ""https://rodriguez-smith.com//video.mp4"", ""transcript_url"": ""https://garcia-miller.biz//transcript.txt"", ""dateString"": ""2025-06-24 07:31:34"", ""host_email"": ""sarahedwards@matthews.biz"", ""organizer_email"": ""francisco39@rhodes-fernandez.biz"", ""participants"": [""masonterri@davis.com"", ""unovak@gmail.com"", ""whenry@hotmail.com""], ""speakers"": [""llopez@hotmail.com""], ""meeting_attendees"": [{""email"": ""masonterri@davis.com""}, {""email"": ""unovak@gmail.com""}, {""email"": ""whenry@hotmail.com""}]}",Realigned next generation migration,E49B3BDA421341CDA23BA732,2025-06-08 11:14:50,2025-02-10 02:45:35,TRUE
f6685b42-f472-4d1c-9dfd-f9ee95fb4395,email,"{""id"": ""5E632FBC43844C0BBE01428D"", ""title"": ""Innovative fresh-thinking portal"", ""duration"": 78.62, ""calendar_id"": ""415668A53C7347379658021072BA56C7"", ""audio_url"": ""http://thompson-sanders.com//audio.mp3"", ""video_url"": ""https://casey.biz//video.mp4"", ""transcript_url"": ""https://www.gonzalez.net//transcript.txt"", ""dateString"": ""2025-01-11 10:52:34"", ""host_email"": ""gomezchristopher@mueller.biz"", ""organizer_email"": ""hardyanita@gmail.com"", ""participants"": [""rjackson@adams-thomas.com"", ""robert71@yahoo.com""], ""speakers"": [""jennifersimpson@hotmail.com"", ""trodriguez@rush.org"", ""scott69@gmail.com""], ""meeting_attendees"": [{""email"": ""rjackson@adams-thomas.com""}, {""email"": ""robert71@yahoo.com""}]}",Upgradable maximized strategy,5E632FBC43844C0BBE01428D,2025-03-23 10:03:52,2025-06-20 06:41:46,TRUE
e7388540-ced1-45ac-9354-bb1e49645988,chat,"{""id"": ""AC3729614BA24A3187371C24"", ""title"": ""Cross-platform empowering definition"", ""duration"": 161.81, ""calendar_id"": ""19D4B0F981E6413FBBDE1D978857B51C"", ""audio_url"": ""http://myers-barton.org//audio.mp3"", ""video_url"": ""http://webb.biz//video.mp4"", ""transcript_url"": ""http://www.thomas.com//transcript.txt"", ""dateString"": ""2025-07-22 09:08:32"", ""host_email"": ""fuenteslaura@yahoo.com"", ""organizer_email"": ""cynthiaallen@hotmail.com"", ""participants"": [""emccormick@ewing-mendoza.biz"", ""gibbsmichael@hotmail.com""], ""speakers"": [""mackdiane@jackson-salazar.org"", ""tammy61@gmail.com""], ""meeting_attendees"": [{""email"": ""emccormick@ewing-mendoza.biz""}, {""email"": ""gibbsmichael@hotmail.com""}]}",Polarized grid-enabled leverage,AC3729614BA24A3187371C24,2025-02-07 21:54:45,2025-06-20 04:00:09,TRUE
9ef6c1d7-79af-46d2-bcde-9d156fa8e2d5,email,"{""id"": ""10BA8320B391463187935196"", ""title"": ""Enterprise-wide high-level Graphic Interface"", ""duration"": 66.13, ""calendar_id"": ""503A10328CEA481EBA5D18ACF85E8163"", ""audio_url"": ""http://baker.net//audio.mp3"", ""video_url"": ""https://long.info//video.mp4"", ""transcript_url"": ""http://lawrence.com//transcript.txt"", ""dateString"": ""2025-04-29 14:20:52"", ""host_email"": ""carlos01@gmail.com"", ""organizer_email"": ""byrdfrank@hotmail.com"", ""participants"": [""andrearivera@mullen-hall.biz"", ""daniellereynolds@mclaughlin.info"", ""nsmith@gmail.com""], ""speakers"": [""raylauren@hotmail.com""], ""meeting_attendees"": [{""email"": ""andrearivera@mullen-hall.biz""}, {""email"": ""daniellereynolds@mclaughlin.info""}, {""email"": ""nsmith@gmail.com""}]}",Customizable contextually-based hub,10BA8320B391463187935196,2025-02-24 21:33:25,2025-07-18 09:13:58,TRUE
ed4c53c6-6329-48f0-9196-5ab182be5016,email,"{""id"": ""9FE3970908D0403A9885800E"", ""title"": ""Quality-focused didactic interface"", ""duration"": 102.9, ""calendar_id"": ""F65FD162168645F9BEE2C90F1353E642"", ""audio_url"": ""http://www.golden-johnson.com//audio.mp3"", ""video_url"": ""https://www.grimes-wilson.com//video.mp4"", ""transcript_url"": ""http://bishop.com//transcript.txt"", ""dateString"": ""2025-03-22 08:50:45"", ""host_email"": ""kcarlson@yahoo.com"", ""organizer_email"": ""tommymedina@hotmail.com"", ""participants"": [""tracytaylor@wilkinson-harvey.com"", ""ytaylor@wagner.biz""], ""speakers"": [""kjackson@gmail.com"", ""antonio38@jackson-ellis.info"", ""adamsamy@weaver-sherman.info""], ""meeting_attendees"": [{""email"": ""tracytaylor@wilkinson-harvey.com""}, {""email"": ""ytaylor@wagner.biz""}]}",Centralized non-volatile hardware,9FE3970908D0403A9885800E,2025-07-26 17:12:59,2025-04-20 03:54:08,TRUE
5849a429-b525-4819-a4e5-de70ab23a60a,meeting,"{""id"": ""307F2012F9FA477C825A5969"", ""title"": ""Optimized didactic methodology"", ""duration"": 128.96, ""calendar_id"": ""F6C471B27A41461489A8DFB60B8BC8AD"", ""audio_url"": ""https://morgan-lane.org//audio.mp3"", ""video_url"": ""https://farmer.info//video.mp4"", ""transcript_url"": ""http://www.alexander.biz//transcript.txt"", ""dateString"": ""2025-03-20 13:44:32"", ""host_email"": ""tiffany44@adams.com"", ""organizer_email"": ""rsellers@martinez.com"", ""participants"": [""kburns@adams.com"", ""heather57@yahoo.com"", ""meltonmelanie@gmail.com""], ""speakers"": [""melissa86@gmail.com""], ""meeting_attendees"": [{""email"": ""kburns@adams.com""}, {""email"": ""heather57@yahoo.com""}, {""email"": ""meltonmelanie@gmail.com""}]}",Team-oriented clear-thinking projection,307F2012F9FA477C825A5969,2025-04-28 05:35:25,2025-03-03 17:46:38,TRUE
b3a51de2-d4a0-4da6-afe1-39bb9bca114e,call,"{""id"": ""236C54BDDF30452F935AF47C"", ""title"": ""Expanded multi-state portal"", ""duration"": 160.86, ""calendar_id"": ""18D9BF55230E4BBD8595F1836A6B1D24"", ""audio_url"": ""http://lucas-bowers.com//audio.mp3"", ""video_url"": ""https://allen.org//video.mp4"", ""transcript_url"": ""http://www.peck-anderson.org//transcript.txt"", ""dateString"": ""2025-06-13 10:43:56"", ""host_email"": ""penajohn@yahoo.com"", ""organizer_email"": ""sanderskevin@fischer.com"", ""participants"": [""thomasanderson@stone.com"", ""lisa62@jones-reyes.com"", ""michael42@ayala-mullins.com"", ""morenoalan@martin.com""], ""speakers"": [""fheath@gmail.com"", ""lawrencepatrick@edwards-taylor.com"", ""angelagreene@mitchell.com""], ""meeting_attendees"": [{""email"": ""thomasanderson@stone.com""}, {""email"": ""lisa62@jones-reyes.com""}, {""email"": ""michael42@ayala-mullins.com""}, {""email"": ""morenoalan@martin.com""}]}",Multi-lateral needs-based software,236C54BDDF30452F935AF47C,2025-03-09 02:20:09,2025-07-02 22:10:28,TRUE
0abd8563-7f7c-43de-858d-3435698c6d56,meeting,"{""id"": ""8BB8D82FF44D4798A6F1DE1B"", ""title"": ""Upgradable bottom-line throughput"", ""duration"": 143.29, ""calendar_id"": ""1BECEFC06D114E6E86D387E7C58D602E"", ""audio_url"": ""http://nelson-brown.org//audio.mp3"", ""video_url"": ""http://dixon-brown.org//video.mp4"", ""transcript_url"": ""http://scott.org//transcript.txt"", ""dateString"": ""2025-02-14 18:59:13"", ""host_email"": ""matthewsalexander@williams.biz"", ""organizer_email"": ""zhenderson@gmail.com"", ""participants"": [""christopher18@mccann.net"", ""wwillis@hotmail.com"", ""holly30@miller.com""], ""speakers"": [""parkerjudith@hotmail.com"", ""smithderrick@martin.net"", ""nathanbrady@yahoo.com""], ""meeting_attendees"": [{""email"": ""christopher18@mccann.net""}, {""email"": ""wwillis@hotmail.com""}, {""email"": ""holly30@miller.com""}]}",Focused user-facing migration,8BB8D82FF44D4798A6F1DE1B,2025-01-01 23:56:24,2025-01-18 02:27:46,TRUE
4b96b74d-a5fb-4791-94b9-4028e4605e2e,chat,"{""id"": ""BA2D6BCEBC094CAB8002ECB3"", ""title"": ""Adaptive well-modulated protocol"", ""duration"": 179.27, ""calendar_id"": ""1B9DB75E4A224B64ABB044616F14A2D9"", ""audio_url"": ""https://harris.biz//audio.mp3"", ""video_url"": ""https://www.dawson.com//video.mp4"", ""transcript_url"": ""http://huang.org//transcript.txt"", ""dateString"": ""2025-02-07 02:50:32"", ""host_email"": ""brandoncox@white.net"", ""organizer_email"": ""marcbutler@hotmail.com"", ""participants"": [""margaret95@gmail.com"", ""jeffreyblack@finley.info"", ""mark87@gmail.com"", ""kellymueller@hotmail.com""], ""speakers"": [""frichardson@oconnor.com"", ""randolphandrew@reed.com""], ""meeting_attendees"": [{""email"": ""margaret95@gmail.com""}, {""email"": ""jeffreyblack@finley.info""}, {""email"": ""mark87@gmail.com""}, {""email"": ""kellymueller@hotmail.com""}]}",Profit-focused client-driven productivity,BA2D6BCEBC094CAB8002ECB3,2025-06-03 03:37:13,2025-01-30 01:28:14,TRUE
15fed2a2-cd5c-40d7-be08-2d68c0c68f4c,meeting,"{""id"": ""090B06E81DAD4E91BAEEBB4D"", ""title"": ""Multi-tiered systemic interface"", ""duration"": 97.72, ""calendar_id"": ""A67FF2C0B1734CD5A9EE8B9534F5E939"", ""audio_url"": ""http://odonnell.com//audio.mp3"", ""video_url"": ""https://www.mendez.com//video.mp4"", ""transcript_url"": ""https://andrade-mendoza.com//transcript.txt"", ""dateString"": ""2025-04-19 15:42:04"", ""host_email"": ""ibates@carter.biz"", ""organizer_email"": ""shawn31@gmail.com"", ""participants"": [""moorefrank@edwards-martinez.com"", ""qparker@davis.com"", ""marymurphy@dawson.biz"", ""jorge20@bond-hawkins.net"", ""murraylinda@martinez.com""], ""speakers"": [""madisonwatson@pace.com"", ""gonzalezdebbie@davis.com"", ""kwilliams@underwood-foster.com""], ""meeting_attendees"": [{""email"": ""moorefrank@edwards-martinez.com""}, {""email"": ""qparker@davis.com""}, {""email"": ""marymurphy@dawson.biz""}, {""email"": ""jorge20@bond-hawkins.net""}, {""email"": ""murraylinda@martinez.com""}]}",Networked client-driven instruction set,090B06E81DAD4E91BAEEBB4D,2025-03-19 11:04:53,2025-09-07 13:57:20,TRUE
0a154a5c-a6e3-4301-a04f-b722a6a1cb22,meeting,"{""id"": ""E12E0DF3E91E47D9909247C0"", ""title"": ""Re-contextualized non-volatile circuit"", ""duration"": 80.71, ""calendar_id"": ""88DDC99B8C1F44B59A54E9F9C1FDD515"", ""audio_url"": ""http://parker.com//audio.mp3"", ""video_url"": ""http://www.woods.com//video.mp4"", ""transcript_url"": ""https://www.brown-hernandez.com//transcript.txt"", ""dateString"": ""2025-02-13 01:51:17"", ""host_email"": ""mayokimberly@castillo-harrington.com"", ""organizer_email"": ""bnelson@yahoo.com"", ""participants"": [""huangkimberly@stokes.net"", ""terrigarcia@hotmail.com"", ""amanda03@bradford.com""], ""speakers"": [""brittanydrake@howard.com""], ""meeting_attendees"": [{""email"": ""huangkimberly@stokes.net""}, {""email"": ""terrigarcia@hotmail.com""}, {""email"": ""amanda03@bradford.com""}]}",Progressive high-level archive,E12E0DF3E91E47D9909247C0,2025-05-26 02:07:06,2025-06-03 15:13:04,TRUE
4fcd109b-15e2-4162-b0a2-4b99dc619472,email,"{""id"": ""FE1AB406878A4574A63ED23B"", ""title"": ""Customer-focused uniform ability"", ""duration"": 40.65, ""calendar_id"": ""DE903C8755654C4B985CC3F58BBC4027"", ""audio_url"": ""http://oconnor-costa.biz//audio.mp3"", ""video_url"": ""https://payne-garcia.info//video.mp4"", ""transcript_url"": ""http://www.jones-singleton.com//transcript.txt"", ""dateString"": ""2025-01-08 19:08:25"", ""host_email"": ""kevin22@fry.com"", ""organizer_email"": ""jeffrey92@parker-barker.com"", ""participants"": [""rushstacy@rosales-townsend.org"", ""carriemccall@walker.com"", ""youngtoni@gmail.com""], ""speakers"": [""sean43@steele.com""], ""meeting_attendees"": [{""email"": ""rushstacy@rosales-townsend.org""}, {""email"": ""carriemccall@walker.com""}, {""email"": ""youngtoni@gmail.com""}]}",Intuitive empowering benchmark,FE1AB406878A4574A63ED23B,2025-01-29 19:35:52,2025-05-13 17:53:00,TRUE
343d51a0-563e-4c67-ba2e-980a25a8d55e,chat,"{""id"": ""93D2306760C04AEEA5E9411B"", ""title"": ""Sharable explicit artificial intelligence"", ""duration"": 165.81, ""calendar_id"": ""EA9C0306E8D747F582E84721CEABEC40"", ""audio_url"": ""https://www.glover-ruiz.com//audio.mp3"", ""video_url"": ""http://watson.com//video.mp4"", ""transcript_url"": ""http://baker.com//transcript.txt"", ""dateString"": ""2025-03-29 20:43:51"", ""host_email"": ""emartin@mcmahon.org"", ""organizer_email"": ""reynoldsdesiree@hotmail.com"", ""participants"": [""brianrivera@gmail.com"", ""donna43@gmail.com"", ""farmstrong@brown.biz""], ""speakers"": [""madison97@davis.com""], ""meeting_attendees"": [{""email"": ""brianrivera@gmail.com""}, {""email"": ""donna43@gmail.com""}, {""email"": ""farmstrong@brown.biz""}]}",Future-proofed non-volatile approach,93D2306760C04AEEA5E9411B,2025-02-28 16:38:23,2025-02-07 13:20:01,TRUE
82390751-49b1-4d76-bdfe-0218553d82ae,call,"{""id"": ""6883E9B77A88422CA7C37855"", ""title"": ""Total regional parallelism"", ""duration"": 65.7, ""calendar_id"": ""25769D8B8A8244CF9EAACF336E5814DC"", ""audio_url"": ""https://www.hernandez-knight.org//audio.mp3"", ""video_url"": ""http://www.chan.com//video.mp4"", ""transcript_url"": ""https://pena-armstrong.info//transcript.txt"", ""dateString"": ""2025-01-15 13:12:19"", ""host_email"": ""lindsey69@spencer.net"", ""organizer_email"": ""parmstrong@yahoo.com"", ""participants"": [""fostermelissa@gmail.com"", ""averyshane@stanton.com""], ""speakers"": [""rmiller@harris-carson.com"", ""renee11@yahoo.com"", ""melissa87@gmail.com""], ""meeting_attendees"": [{""email"": ""fostermelissa@gmail.com""}, {""email"": ""averyshane@stanton.com""}]}",Enhanced even-keeled initiative,6883E9B77A88422CA7C37855,2025-02-25 20:48:14,2025-08-29 02:27:22,TRUE
747330e7-ff02-4a30-bbdc-3eb683edf9d1,call,"{""id"": ""7F0C82B945F34999BCCF6EB7"", ""title"": ""Multi-lateral tertiary customer loyalty"", ""duration"": 49.85, ""calendar_id"": ""601FF82EC32042A591A7FF3A143CD16E"", ""audio_url"": ""https://wagner-reid.com//audio.mp3"", ""video_url"": ""http://www.burns-griffin.info//video.mp4"", ""transcript_url"": ""https://monroe.com//transcript.txt"", ""dateString"": ""2025-04-21 17:02:21"", ""host_email"": ""fosternatasha@hotmail.com"", ""organizer_email"": ""reesesamantha@smith-roth.com"", ""participants"": [""megan13@gmail.com"", ""uschroeder@yahoo.com"", ""lopezjason@yahoo.com""], ""speakers"": [""lori82@gmail.com"", ""htaylor@hotmail.com"", ""jameswhitaker@wright.com""], ""meeting_attendees"": [{""email"": ""megan13@gmail.com""}, {""email"": ""uschroeder@yahoo.com""}, {""email"": ""lopezjason@yahoo.com""}]}",Assimilated human-resource application,7F0C82B945F34999BCCF6EB7,2025-03-05 06:24:25,2025-08-11 05:49:54,TRUE
459e21e7-3de0-4dee-b4fb-096def98fce5,meeting,"{""id"": ""5E8E485303A145C9BDC9577B"", ""title"": ""Distributed multi-state task-force"", ""duration"": 151.12, ""calendar_id"": ""26B5373F6CC44F25998BE0157AFDED28"", ""audio_url"": ""http://www.powell.com//audio.mp3"", ""video_url"": ""https://meadows-sullivan.com//video.mp4"", ""transcript_url"": ""http://reeves.info//transcript.txt"", ""dateString"": ""2025-05-20 05:26:07"", ""host_email"": ""deborahbyrd@pearson-palmer.com"", ""organizer_email"": ""deborahburke@gmail.com"", ""participants"": [""charlene44@woodard-york.info"", ""stevenbyrd@hotmail.com"", ""smithyvonne@yahoo.com""], ""speakers"": [""gabrielle71@yahoo.com"", ""michelle44@gmail.com""], ""meeting_attendees"": [{""email"": ""charlene44@woodard-york.info""}, {""email"": ""stevenbyrd@hotmail.com""}, {""email"": ""smithyvonne@yahoo.com""}]}",Profit-focused exuding concept,5E8E485303A145C9BDC9577B,2025-08-05 19:14:56,2025-03-12 08:18:30,TRUE
7d45a16e-00c9-4580-92be-c56caab44dd6,chat,"{""id"": ""0FB74AA767B547E29C89AC39"", ""title"": ""Innovative incremental application"", ""duration"": 128.85, ""calendar_id"": ""4B2C440BC6AB4C4C91BF94DB6DE2587A"", ""audio_url"": ""http://www.cooper.info//audio.mp3"", ""video_url"": ""http://white.com//video.mp4"", ""transcript_url"": ""https://www.hayes.com//transcript.txt"", ""dateString"": ""2025-08-12 19:18:31"", ""host_email"": ""ruizjoyce@hotmail.com"", ""organizer_email"": ""destiny35@garner.biz"", ""participants"": [""jorge47@gmail.com"", ""delacruzbrandy@hotmail.com""], ""speakers"": [""gpreston@dillon.net""], ""meeting_attendees"": [{""email"": ""jorge47@gmail.com""}, {""email"": ""delacruzbrandy@hotmail.com""}]}",Virtual cohesive matrix,0FB74AA767B547E29C89AC39,2025-02-04 04:36:17,2025-02-20 06:09:03,TRUE
ccf1f9f4-c7f9-43d2-a6d5-ba49ecd99d7f,email,"{""id"": ""279C6D052C8A463EA07B7631"", ""title"": ""Organic homogeneous capability"", ""duration"": 100.05, ""calendar_id"": ""97E3032588B649C285531D924AADA931"", ""audio_url"": ""https://hernandez.com//audio.mp3"", ""video_url"": ""https://www.meyer.biz//video.mp4"", ""transcript_url"": ""http://www.wilson-rodriguez.com//transcript.txt"", ""dateString"": ""2025-08-25 12:18:29"", ""host_email"": ""epowell@yahoo.com"", ""organizer_email"": ""fergusonjessica@mcclain.com"", ""participants"": [""simsjohn@wiley.net"", ""cameronwilliams@yahoo.com"", ""ryan25@yahoo.com"", ""frederickmeadows@yahoo.com"", ""jeffreymercer@gross.net""], ""speakers"": [""richardsondebra@brooks.com"", ""stanleydesiree@williams.biz""], ""meeting_attendees"": [{""email"": ""simsjohn@wiley.net""}, {""email"": ""cameronwilliams@yahoo.com""}, {""email"": ""ryan25@yahoo.com""}, {""email"": ""frederickmeadows@yahoo.com""}, {""email"": ""jeffreymercer@gross.net""}]}",Exclusive zero-defect firmware,279C6D052C8A463EA07B7631,2025-07-23 04:04:30,2025-03-20 07:43:49,TRUE
bfecc203-de1e-4a00-a9f7-3d5464770359,chat,"{""id"": ""7C3029FEA93D480984611FAB"", ""title"": ""User-centric bifurcated attitude"", ""duration"": 90.39, ""calendar_id"": ""BE13B955F3BD4F2AA2CD2475EB0F336E"", ""audio_url"": ""http://www.alvarado.com//audio.mp3"", ""video_url"": ""https://adams.com//video.mp4"", ""transcript_url"": ""http://www.ross-bryant.biz//transcript.txt"", ""dateString"": ""2025-07-05 17:33:59"", ""host_email"": ""cphillips@hotmail.com"", ""organizer_email"": ""haleycastillo@gmail.com"", ""participants"": [""powersrebecca@caldwell.net"", ""conwaydawn@hinton-phillips.info""], ""speakers"": [""limorgan@ward-rhodes.biz""], ""meeting_attendees"": [{""email"": ""powersrebecca@caldwell.net""}, {""email"": ""conwaydawn@hinton-phillips.info""}]}",Operative solution-oriented website,7C3029FEA93D480984611FAB,2025-03-06 18:29:25,2025-02-13 21:45:48,TRUE
b4bd45a9-b242-448f-a061-8712f34655b9,call,"{""id"": ""069FF86F667D401E96BD8570"", ""title"": ""Distributed next generation pricing structure"", ""duration"": 58.74, ""calendar_id"": ""CF7E7ABCC59F4C38A1CF2D3EECD69444"", ""audio_url"": ""http://www.michael.info//audio.mp3"", ""video_url"": ""http://www.flores-rivera.com//video.mp4"", ""transcript_url"": ""http://www.schneider.info//transcript.txt"", ""dateString"": ""2025-06-22 12:08:25"", ""host_email"": ""jarvismegan@perry.info"", ""organizer_email"": ""cherylmaxwell@hotmail.com"", ""participants"": [""timothyfreeman@alexander-brown.com"", ""tiffanysantiago@stone-watts.org""], ""speakers"": [""pstanley@reed-rhodes.biz""], ""meeting_attendees"": [{""email"": ""timothyfreeman@alexander-brown.com""}, {""email"": ""tiffanysantiago@stone-watts.org""}]}",Re-engineered local array,069FF86F667D401E96BD8570,2025-07-13 13:56:52,2025-06-23 14:58:36,TRUE
867f37cc-711d-44ee-9f77-e7f301296809,call,"{""id"": ""4D34CD62581344358ED15AE3"", ""title"": ""Decentralized hybrid data-warehouse"", ""duration"": 57.52, ""calendar_id"": ""DE71BB5A0B4245F08753340ACDC2A6AC"", ""audio_url"": ""https://www.morgan.org//audio.mp3"", ""video_url"": ""http://barrett-blanchard.com//video.mp4"", ""transcript_url"": ""https://www.fitzgerald.org//transcript.txt"", ""dateString"": ""2025-07-07 13:15:07"", ""host_email"": ""hooperjulie@gmail.com"", ""organizer_email"": ""jgutierrez@smith.org"", ""participants"": [""diamondbryant@yahoo.com"", ""velasquezmegan@yahoo.com"", ""jennifer11@hotmail.com""], ""speakers"": [""petersonmaria@kelley-brooks.com"", ""travisunderwood@griffith.com""], ""meeting_attendees"": [{""email"": ""diamondbryant@yahoo.com""}, {""email"": ""velasquezmegan@yahoo.com""}, {""email"": ""jennifer11@hotmail.com""}]}",Profound zero-defect conglomeration,4D34CD62581344358ED15AE3,2025-08-13 16:31:03,2025-03-09 10:32:16,TRUE
c0267ea8-1266-4b70-963d-0e6019420a59,email,"{""id"": ""E38925BAD4AE4B2389B9D678"", ""title"": ""Business-focused static approach"", ""duration"": 96.47, ""calendar_id"": ""8CB3AB15A78A42D7BD0147D261CA9160"", ""audio_url"": ""http://terrell.com//audio.mp3"", ""video_url"": ""http://www.mueller.com//video.mp4"", ""transcript_url"": ""https://www.parrish.net//transcript.txt"", ""dateString"": ""2025-06-01 00:41:11"", ""host_email"": ""hughescaroline@gordon-cruz.org"", ""organizer_email"": ""raymond54@ballard-taylor.org"", ""participants"": [""jennifer83@gmail.com"", ""glenda22@daniels.com"", ""icraig@yahoo.com""], ""speakers"": [""millsanthony@gmail.com""], ""meeting_attendees"": [{""email"": ""jennifer83@gmail.com""}, {""email"": ""glenda22@daniels.com""}, {""email"": ""icraig@yahoo.com""}]}",Front-line multimedia toolset,E38925BAD4AE4B2389B9D678,2025-04-22 16:59:11,2025-01-19 05:53:03,TRUE
55f7ab07-0c26-498b-a851-6a6308a9c3a5,email,"{""id"": ""273AA8331D5A44E29618264B"", ""title"": ""Distributed fresh-thinking policy"", ""duration"": 179.89, ""calendar_id"": ""F746F7B895024FA2BCD20F699A405644"", ""audio_url"": ""http://tyler-pierce.com//audio.mp3"", ""video_url"": ""https://www.meyer.com//video.mp4"", ""transcript_url"": ""https://bailey.com//transcript.txt"", ""dateString"": ""2025-05-09 13:45:49"", ""host_email"": ""ybutler@hotmail.com"", ""organizer_email"": ""smithjohn@hotmail.com"", ""participants"": [""rhondabush@hotmail.com"", ""kimberlybrandt@yahoo.com""], ""speakers"": [""tonyajones@gmail.com"", ""rwilliams@baker.com"", ""jmckinney@gmail.com""], ""meeting_attendees"": [{""email"": ""rhondabush@hotmail.com""}, {""email"": ""kimberlybrandt@yahoo.com""}]}",Multi-lateral explicit data-warehouse,273AA8331D5A44E29618264B,2025-08-29 02:47:34,2025-07-26 00:36:29,TRUE
da93d3e4-2961-4e33-b39f-99bf4773c506,call,"{""id"": ""1387F594CC344EBDABBCD3FD"", ""title"": ""Expanded national standardization"", ""duration"": 54.95, ""calendar_id"": ""C984DB9298B24152A2C96BD60CCA3D56"", ""audio_url"": ""https://www.parks.com//audio.mp3"", ""video_url"": ""http://www.thompson.net//video.mp4"", ""transcript_url"": ""http://www.russell-hayes.biz//transcript.txt"", ""dateString"": ""2025-06-18 04:05:09"", ""host_email"": ""wilsonmichael@gmail.com"", ""organizer_email"": ""flemingmanuel@cruz.com"", ""participants"": [""willie87@williams-villanueva.com"", ""vaughangary@hotmail.com""], ""speakers"": [""clarkcrystal@hancock.com""], ""meeting_attendees"": [{""email"": ""willie87@williams-villanueva.com""}, {""email"": ""vaughangary@hotmail.com""}]}",Intuitive 3rdgeneration info-mediaries,1387F594CC344EBDABBCD3FD,2025-02-15 22:41:22,2025-07-27 17:01:03,TRUE
dd20fc61-aef1-4a96-9272-1825166427de,email,"{""id"": ""1F3756C256A2406AA769C1AB"", ""title"": ""Business-focused web-enabled neural-net"", ""duration"": 159.7, ""calendar_id"": ""5111B66C055C4886AA48BAD6056D4EDC"", ""audio_url"": ""https://www.powers-king.com//audio.mp3"", ""video_url"": ""https://anderson-rios.com//video.mp4"", ""transcript_url"": ""https://www.stewart.com//transcript.txt"", ""dateString"": ""2025-08-28 08:43:40"", ""host_email"": ""avilabrenda@charles.com"", ""organizer_email"": ""campbellsara@yahoo.com"", ""participants"": [""wellsamanda@gmail.com"", ""susan24@hotmail.com"", ""spencerangela@gmail.com"", ""armstrongphillip@arroyo.com"", ""gwhitehead@martin.org""], ""speakers"": [""dannylambert@hotmail.com""], ""meeting_attendees"": [{""email"": ""wellsamanda@gmail.com""}, {""email"": ""susan24@hotmail.com""}, {""email"": ""spencerangela@gmail.com""}, {""email"": ""armstrongphillip@arroyo.com""}, {""email"": ""gwhitehead@martin.org""}]}",Switchable fault-tolerant solution,1F3756C256A2406AA769C1AB,2025-08-15 20:51:30,2025-03-01 04:25:26,TRUE
b3afa686-aee2-4dbf-b68e-b93c21c70d71,call,"{""id"": ""377EF209B3694F88A448E99B"", ""title"": ""Upgradable explicit challenge"", ""duration"": 30.32, ""calendar_id"": ""5D8CDEDA8FC74E10B4DF412F5A0C3EE8"", ""audio_url"": ""https://www.cox-smith.com//audio.mp3"", ""video_url"": ""http://www.moore-knight.org//video.mp4"", ""transcript_url"": ""http://williams-juarez.com//transcript.txt"", ""dateString"": ""2025-01-25 09:54:30"", ""host_email"": ""susan20@yahoo.com"", ""organizer_email"": ""jenniferdavidson@larsen-taylor.com"", ""participants"": [""xgriffin@yahoo.com"", ""thompsoncatherine@yahoo.com"", ""josemercado@luna.net""], ""speakers"": [""nhammond@arnold.net"", ""michaelwalker@hotmail.com""], ""meeting_attendees"": [{""email"": ""xgriffin@yahoo.com""}, {""email"": ""thompsoncatherine@yahoo.com""}, {""email"": ""josemercado@luna.net""}]}",Fundamental holistic emulation,377EF209B3694F88A448E99B,2025-01-17 15:00:12,2025-03-22 07:16:26,TRUE
7afb484b-e363-4390-b478-024d20919440,call,"{""id"": ""61078B49D3A142DDBF9F3CDF"", ""title"": ""Open-architected radical open system"", ""duration"": 72.79, ""calendar_id"": ""FFA715CB81274733B7E6007DC6745B89"", ""audio_url"": ""http://robinson.info//audio.mp3"", ""video_url"": ""https://www.greer.com//video.mp4"", ""transcript_url"": ""http://ramsey.info//transcript.txt"", ""dateString"": ""2025-08-20 16:05:38"", ""host_email"": ""dharrison@gmail.com"", ""organizer_email"": ""dakota84@baker.biz"", ""participants"": [""blacknicholas@gmail.com"", ""lisa57@yahoo.com"", ""scotthall@schneider.com"", ""robertrivera@olson.info""], ""speakers"": [""deborahjenkins@williams.org"", ""crystalwilliams@thomas.net""], ""meeting_attendees"": [{""email"": ""blacknicholas@gmail.com""}, {""email"": ""lisa57@yahoo.com""}, {""email"": ""scotthall@schneider.com""}, {""email"": ""robertrivera@olson.info""}]}",Reverse-engineered asymmetric emulation,61078B49D3A142DDBF9F3CDF,2025-05-27 21:11:07,2025-05-30 16:45:54,TRUE
a8267de3-66ea-41dd-88fb-67694ba11a1e,email,"{""id"": ""A0D165B7954F40C18674521D"", ""title"": ""Right-sized needs-based installation"", ""duration"": 74.51, ""calendar_id"": ""D24F7628E4F44F1997034B02CDA4B60E"", ""audio_url"": ""https://www.fletcher.org//audio.mp3"", ""video_url"": ""http://www.pena-watts.com//video.mp4"", ""transcript_url"": ""https://moore.org//transcript.txt"", ""dateString"": ""2025-04-09 12:01:42"", ""host_email"": ""smithalexandra@cohen.com"", ""organizer_email"": ""richamanda@gmail.com"", ""participants"": [""mhopkins@carey.biz"", ""nancy86@gmail.com"", ""zbell@hotmail.com""], ""speakers"": [""eanderson@kent.com""], ""meeting_attendees"": [{""email"": ""mhopkins@carey.biz""}, {""email"": ""nancy86@gmail.com""}, {""email"": ""zbell@hotmail.com""}]}",Fundamental national interface,A0D165B7954F40C18674521D,2025-08-08 07:06:29,2025-05-23 00:02:59,TRUE
69249618-5287-4001-8e86-fcf1f76f35a8,email,"{""id"": ""E45F6F5F55C04B27957FC73A"", ""title"": ""Centralized zero-defect conglomeration"", ""duration"": 77.04, ""calendar_id"": ""1949370E58E94706AE91DFC5CA77C3A4"", ""audio_url"": ""https://harris.net//audio.mp3"", ""video_url"": ""https://www.bowers.net//video.mp4"", ""transcript_url"": ""http://www.johnson.com//transcript.txt"", ""dateString"": ""2025-02-03 17:26:01"", ""host_email"": ""afischer@hotmail.com"", ""organizer_email"": ""mitchellpeters@yahoo.com"", ""participants"": [""kim62@hotmail.com"", ""seanlyons@garcia.biz""], ""speakers"": [""martintamara@gmail.com"", ""thomasburke@brown.com"", ""ramseysarah@mendez-meyer.org""], ""meeting_attendees"": [{""email"": ""kim62@hotmail.com""}, {""email"": ""seanlyons@garcia.biz""}]}",Grass-roots zero-defect initiative,E45F6F5F55C04B27957FC73A,2025-05-18 03:23:18,2025-06-03 11:00:02,TRUE
b3769edf-0c34-46ab-a8c8-c6fabc65808f,meeting,"{""id"": ""03D27E96DF1F42249F296FD4"", ""title"": ""Expanded discrete customer loyalty"", ""duration"": 167.91, ""calendar_id"": ""245119994C4F46C58E5B4062C79BFCC9"", ""audio_url"": ""http://maxwell.com//audio.mp3"", ""video_url"": ""https://www.rubio.com//video.mp4"", ""transcript_url"": ""https://white-duran.net//transcript.txt"", ""dateString"": ""2025-04-19 20:16:27"", ""host_email"": ""aprilmclaughlin@gmail.com"", ""organizer_email"": ""jessica89@bailey-ochoa.com"", ""participants"": [""kspears@green.net"", ""gordonmatthew@pratt.net"", ""kchurch@yahoo.com"", ""susan77@atkins.biz"", ""laurengutierrez@black-smith.com""], ""speakers"": [""christopher51@velazquez.org"", ""staceyvega@gmail.com"", ""jimmyallen@yahoo.com""], ""meeting_attendees"": [{""email"": ""kspears@green.net""}, {""email"": ""gordonmatthew@pratt.net""}, {""email"": ""kchurch@yahoo.com""}, {""email"": ""susan77@atkins.biz""}, {""email"": ""laurengutierrez@black-smith.com""}]}",Object-based directional system engine,03D27E96DF1F42249F296FD4,2025-08-12 22:54:32,2025-02-19 19:20:20,TRUE
2b497f51-9e6a-48e1-86e5-372b52c2bff0,meeting,"{""id"": ""DC3A52E20A7A493D846B76C0"", ""title"": ""Distributed methodical workforce"", ""duration"": 42.02, ""calendar_id"": ""7E58B904D6C149EAAE4896E67C47AD02"", ""audio_url"": ""http://www.porter-cowan.net//audio.mp3"", ""video_url"": ""https://king-garrison.com//video.mp4"", ""transcript_url"": ""https://www.martin.com//transcript.txt"", ""dateString"": ""2025-06-24 16:57:02"", ""host_email"": ""imendoza@shaw.com"", ""organizer_email"": ""wolfesteve@hotmail.com"", ""participants"": [""craignicolas@nguyen.com"", ""joel79@diaz-jimenez.com""], ""speakers"": [""michael64@yahoo.com"", ""tiffanyparks@le.net"", ""zgonzalez@hotmail.com""], ""meeting_attendees"": [{""email"": ""craignicolas@nguyen.com""}, {""email"": ""joel79@diaz-jimenez.com""}]}",User-friendly full-range firmware,DC3A52E20A7A493D846B76C0,2025-05-21 04:24:35,2025-05-20 22:18:02,TRUE
b30c6ba5-f379-4f3d-99f9-40e5cb99e81a,meeting,"{""id"": ""1CFC24C53F384D4BBA36FFDD"", ""title"": ""Cloned methodical neural-net"", ""duration"": 40.19, ""calendar_id"": ""B2F2A4169F1F40FB98EE56263DD3E84A"", ""audio_url"": ""http://www.warren-ferrell.com//audio.mp3"", ""video_url"": ""https://www.pena.com//video.mp4"", ""transcript_url"": ""http://www.mitchell.com//transcript.txt"", ""dateString"": ""2025-01-12 02:18:13"", ""host_email"": ""andrew15@hotmail.com"", ""organizer_email"": ""tiffanymitchell@nunez-freeman.info"", ""participants"": [""daustin@frye.com"", ""esweeney@gmail.com""], ""speakers"": [""jeremy54@adams.info"", ""lgutierrez@gmail.com"", ""ebonyshepard@brady.com""], ""meeting_attendees"": [{""email"": ""daustin@frye.com""}, {""email"": ""esweeney@gmail.com""}]}",Automated stable help-desk,1CFC24C53F384D4BBA36FFDD,2025-05-07 07:05:45,2025-07-04 22:05:01,TRUE
8ce37393-9e34-4729-b77c-d023969df02d,meeting,"{""id"": ""533A6580B5834FD9A386122D"", ""title"": ""Programmable well-modulated website"", ""duration"": 171.24, ""calendar_id"": ""8B545769701C411BBCD8B46C3A0535B0"", ""audio_url"": ""https://paul.com//audio.mp3"", ""video_url"": ""http://www.rodriguez-gibson.info//video.mp4"", ""transcript_url"": ""https://flores.com//transcript.txt"", ""dateString"": ""2025-07-27 18:17:19"", ""host_email"": ""amy28@gmail.com"", ""organizer_email"": ""omills@hotmail.com"", ""participants"": [""timothy31@yahoo.com"", ""robert24@gmail.com"", ""mauriceharrison@watts.info"", ""cannonlauren@hotmail.com"", ""kelleyjacob@kim.biz""], ""speakers"": [""josehenderson@gmail.com""], ""meeting_attendees"": [{""email"": ""timothy31@yahoo.com""}, {""email"": ""robert24@gmail.com""}, {""email"": ""mauriceharrison@watts.info""}, {""email"": ""cannonlauren@hotmail.com""}, {""email"": ""kelleyjacob@kim.biz""}]}",Ameliorated contextually-based benchmark,533A6580B5834FD9A386122D,2025-04-20 13:29:53,2025-04-15 13:04:49,TRUE
d1add8ea-b005-4617-9604-e8fd79cde7be,chat,"{""id"": ""0561EFDE93A445C28D047EDF"", ""title"": ""Networked systemic function"", ""duration"": 42.3, ""calendar_id"": ""AD4EEBD2595344C6ABA75D651D04C24C"", ""audio_url"": ""https://www.chandler.com//audio.mp3"", ""video_url"": ""https://evans.com//video.mp4"", ""transcript_url"": ""http://www.hamilton.org//transcript.txt"", ""dateString"": ""2025-02-16 11:12:54"", ""host_email"": ""oacosta@hernandez.com"", ""organizer_email"": ""zcollins@yahoo.com"", ""participants"": [""cterry@yahoo.com"", ""brianrowe@daniels.com""], ""speakers"": [""hclayton@hotmail.com"", ""cwise@rojas.com"", ""boydtina@yahoo.com""], ""meeting_attendees"": [{""email"": ""cterry@yahoo.com""}, {""email"": ""brianrowe@daniels.com""}]}",Object-based dynamic access,0561EFDE93A445C28D047EDF,2025-01-17 07:24:23,2025-08-14 16:01:49,TRUE
80d63dd6-83c6-462b-b9a8-93a840f939e3,chat,"{""id"": ""82259CDE91B84282A37FD3C7"", ""title"": ""Organized explicit firmware"", ""duration"": 130.46, ""calendar_id"": ""661DD17C191B450885DECE63E2B068FD"", ""audio_url"": ""https://parsons.biz//audio.mp3"", ""video_url"": ""http://www.vincent.com//video.mp4"", ""transcript_url"": ""https://www.vega.com//transcript.txt"", ""dateString"": ""2025-05-06 06:51:01"", ""host_email"": ""nathandavis@gmail.com"", ""organizer_email"": ""parksmatthew@hotmail.com"", ""participants"": [""kellyeric@moody.net"", ""bquinn@hotmail.com"", ""jennifer40@yahoo.com"", ""amy73@hotmail.com""], ""speakers"": [""mario74@rocha.com""], ""meeting_attendees"": [{""email"": ""kellyeric@moody.net""}, {""email"": ""bquinn@hotmail.com""}, {""email"": ""jennifer40@yahoo.com""}, {""email"": ""amy73@hotmail.com""}]}",Open-source secondary Graphic Interface,82259CDE91B84282A37FD3C7,2025-02-12 21:36:01,2025-02-07 09:10:25,TRUE
a13b6d35-d757-4eea-b31c-72003c071661,chat,"{""id"": ""E43A48DCF876409F91CE973C"", ""title"": ""Operative value-added benchmark"", ""duration"": 89.37, ""calendar_id"": ""E4BA8057ABD14D3EB1B48376F6C7BE9B"", ""audio_url"": ""https://ortega.com//audio.mp3"", ""video_url"": ""https://moore.com//video.mp4"", ""transcript_url"": ""https://gutierrez-schultz.com//transcript.txt"", ""dateString"": ""2025-08-25 06:49:25"", ""host_email"": ""conleydavid@harris.com"", ""organizer_email"": ""duncanmary@burns.com"", ""participants"": [""catherinejones@gmail.com"", ""mcdonalddanielle@yahoo.com"", ""laura09@yahoo.com""], ""speakers"": [""davenportchristian@yu.com"", ""hlopez@wright.net""], ""meeting_attendees"": [{""email"": ""catherinejones@gmail.com""}, {""email"": ""mcdonalddanielle@yahoo.com""}, {""email"": ""laura09@yahoo.com""}]}",Front-line non-volatile moratorium,E43A48DCF876409F91CE973C,2025-03-25 01:57:17,2025-05-26 15:50:28,TRUE
2a621a15-afdf-46fe-a425-82e75b4a9cb4,email,"{""id"": ""737ED5FB56124529A84A6825"", ""title"": ""Inverse motivating standardization"", ""duration"": 169.35, ""calendar_id"": ""BAD7CA448A5B4728A4124AAB8F233A51"", ""audio_url"": ""http://www.nunez.info//audio.mp3"", ""video_url"": ""http://www.roberts-foster.com//video.mp4"", ""transcript_url"": ""https://www.duncan-williams.biz//transcript.txt"", ""dateString"": ""2025-04-12 23:13:03"", ""host_email"": ""suzanne76@gmail.com"", ""organizer_email"": ""caitlin82@smith-joyce.com"", ""participants"": [""ingramsherry@yahoo.com"", ""johnsonmichael@baker.com"", ""lisa19@carroll-robinson.com"", ""sthompson@hotmail.com"", ""benjamin96@deleon.com""], ""speakers"": [""hconrad@gmail.com"", ""hbrown@flores.com""], ""meeting_attendees"": [{""email"": ""ingramsherry@yahoo.com""}, {""email"": ""johnsonmichael@baker.com""}, {""email"": ""lisa19@carroll-robinson.com""}, {""email"": ""sthompson@hotmail.com""}, {""email"": ""benjamin96@deleon.com""}]}",Configurable impactful middleware,737ED5FB56124529A84A6825,2025-06-18 17:45:02,2025-02-20 15:11:04,TRUE
c05376d1-5646-4054-b52c-9de2ad63359c,email,"{""id"": ""0CDE8024547D401C9EC35EE6"", ""title"": ""Advanced global solution"", ""duration"": 123.17, ""calendar_id"": ""E2E45BD16C884FAC9DD838FB2450AA21"", ""audio_url"": ""http://ruiz-rivera.net//audio.mp3"", ""video_url"": ""http://www.mills.com//video.mp4"", ""transcript_url"": ""http://escobar.com//transcript.txt"", ""dateString"": ""2025-04-21 07:11:53"", ""host_email"": ""fhansen@pearson-gonzalez.org"", ""organizer_email"": ""charlesfrank@cohen-johnston.com"", ""participants"": [""mdiaz@yahoo.com"", ""carrillogary@yahoo.com""], ""speakers"": [""scottglass@gmail.com"", ""eric11@brown.com""], ""meeting_attendees"": [{""email"": ""mdiaz@yahoo.com""}, {""email"": ""carrillogary@yahoo.com""}]}",Exclusive tangible process improvement,0CDE8024547D401C9EC35EE6,2025-04-16 08:31:35,2025-01-21 14:47:25,TRUE
d9d7a77b-4326-49d3-929b-b40dd4978dcb,chat,"{""id"": ""BE3F43D511D547A7B9137DE0"", ""title"": ""Realigned even-keeled definition"", ""duration"": 61.97, ""calendar_id"": ""F0F40912101F4BD091E8C8038E835D39"", ""audio_url"": ""http://sandoval-miller.biz//audio.mp3"", ""video_url"": ""http://berry.com//video.mp4"", ""transcript_url"": ""https://anderson.com//transcript.txt"", ""dateString"": ""2025-02-23 15:16:30"", ""host_email"": ""jonesdonna@hotmail.com"", ""organizer_email"": ""smithmichelle@hotmail.com"", ""participants"": [""tinaromero@hotmail.com"", ""todd98@lopez.info""], ""speakers"": [""wrightalyssa@burns-garner.com"", ""michael43@hotmail.com"", ""garrettnatasha@gmail.com""], ""meeting_attendees"": [{""email"": ""tinaromero@hotmail.com""}, {""email"": ""todd98@lopez.info""}]}",Integrated system-worthy strategy,BE3F43D511D547A7B9137DE0,2025-07-23 10:13:15,2025-02-22 12:38:40,TRUE
60b2333c-8fc4-4705-8842-ec189e1e2258,meeting,"{""id"": ""327E9977FA264F448F71FA34"", ""title"": ""Devolved cohesive core"", ""duration"": 162.13, ""calendar_id"": ""C37D6D35ECDF4E06BB0D95AB96D0DB6C"", ""audio_url"": ""http://www.duran-smith.com//audio.mp3"", ""video_url"": ""https://www.powers.com//video.mp4"", ""transcript_url"": ""https://nguyen.biz//transcript.txt"", ""dateString"": ""2025-01-17 05:50:56"", ""host_email"": ""dianacunningham@gmail.com"", ""organizer_email"": ""grantstacy@gmail.com"", ""participants"": [""mary20@beard-gutierrez.biz"", ""oreese@hotmail.com"", ""kimberlyrodriguez@gmail.com""], ""speakers"": [""catherine93@hall.info"", ""xjoseph@christian.info""], ""meeting_attendees"": [{""email"": ""mary20@beard-gutierrez.biz""}, {""email"": ""oreese@hotmail.com""}, {""email"": ""kimberlyrodriguez@gmail.com""}]}",Robust user-facing implementation,327E9977FA264F448F71FA34,2025-05-02 12:24:57,2025-06-03 01:45:03,TRUE
943fe4ee-4c2d-42ee-8044-b3e196940b1f,chat,"{""id"": ""6EA34A82BBB5410CB31F4153"", ""title"": ""Seamless cohesive implementation"", ""duration"": 53.66, ""calendar_id"": ""00E8A85B071B46ECBF17FA11BA564717"", ""audio_url"": ""https://www.barr.com//audio.mp3"", ""video_url"": ""http://www.hammond.biz//video.mp4"", ""transcript_url"": ""https://mack.com//transcript.txt"", ""dateString"": ""2025-02-21 02:19:51"", ""host_email"": ""hayesmargaret@rich.net"", ""organizer_email"": ""grantzachary@hotmail.com"", ""participants"": [""kellysanders@ayala-mitchell.com"", ""christie08@gmail.com"", ""gdavis@gmail.com"", ""phillipmorris@white.com""], ""speakers"": [""wrightheather@hotmail.com"", ""davisjasmin@cox.net""], ""meeting_attendees"": [{""email"": ""kellysanders@ayala-mitchell.com""}, {""email"": ""christie08@gmail.com""}, {""email"": ""gdavis@gmail.com""}, {""email"": ""phillipmorris@white.com""}]}",Exclusive 24hour process improvement,6EA34A82BBB5410CB31F4153,2025-04-09 07:09:55,2025-01-05 17:47:04,TRUE
044a741d-a052-40dc-8c68-81dd4b537e3a,chat,"{""id"": ""85373984F49F41B9BEC0A88D"", ""title"": ""Multi-tiered asymmetric task-force"", ""duration"": 152.57, ""calendar_id"": ""B0A01E628BD749BB947456793364B4E5"", ""audio_url"": ""https://www.ruiz-martinez.com//audio.mp3"", ""video_url"": ""https://clark.org//video.mp4"", ""transcript_url"": ""http://barker.com//transcript.txt"", ""dateString"": ""2025-06-15 20:25:41"", ""host_email"": ""ifoley@gmail.com"", ""organizer_email"": ""jaykeller@yahoo.com"", ""participants"": [""mmiller@gmail.com"", ""christine83@lopez.com""], ""speakers"": [""melissaestrada@evans.biz"", ""emilycarr@graves.info"", ""daviskevin@yahoo.com""], ""meeting_attendees"": [{""email"": ""mmiller@gmail.com""}, {""email"": ""christine83@lopez.com""}]}",Robust foreground firmware,85373984F49F41B9BEC0A88D,2025-07-24 01:00:04,2025-08-12 08:43:06,TRUE
bf626efb-04b8-43ef-92f7-961158c6ab30,email,"{""id"": ""0B543581A06E41FAA03C137D"", ""title"": ""Inverse zero administration ability"", ""duration"": 69.67, ""calendar_id"": ""7FE6F2DCEE1649B7A71475F21F44FE46"", ""audio_url"": ""http://foster-carroll.com//audio.mp3"", ""video_url"": ""http://www.bass-nielsen.info//video.mp4"", ""transcript_url"": ""https://www.taylor.net//transcript.txt"", ""dateString"": ""2025-05-11 03:26:54"", ""host_email"": ""christinacrawford@hotmail.com"", ""organizer_email"": ""nmorton@gmail.com"", ""participants"": [""aaronjohnson@hotmail.com"", ""laurenduarte@williams-bailey.com""], ""speakers"": [""hannahking@parker.net""], ""meeting_attendees"": [{""email"": ""aaronjohnson@hotmail.com""}, {""email"": ""laurenduarte@williams-bailey.com""}]}",Persistent zero tolerance installation,0B543581A06E41FAA03C137D,2025-01-22 18:09:55,2025-07-22 08:45:16,TRUE
f8e4187f-f761-4bd1-a781-cc20d303c321,meeting,"{""id"": ""DF05781989ED4E0A8E19F378"", ""title"": ""Cross-group leadingedge middleware"", ""duration"": 72.26, ""calendar_id"": ""AFC5A3ABB4E44241B0A820FE9DDA8CB1"", ""audio_url"": ""http://moore.net//audio.mp3"", ""video_url"": ""https://hammond.net//video.mp4"", ""transcript_url"": ""http://www.johnson.com//transcript.txt"", ""dateString"": ""2025-01-02 14:18:24"", ""host_email"": ""angela03@hotmail.com"", ""organizer_email"": ""carl24@gmail.com"", ""participants"": [""ksims@hotmail.com"", ""brookehancock@yahoo.com"", ""nelsonchristopher@gmail.com""], ""speakers"": [""tgallegos@gmail.com"", ""danielglover@gmail.com""], ""meeting_attendees"": [{""email"": ""ksims@hotmail.com""}, {""email"": ""brookehancock@yahoo.com""}, {""email"": ""nelsonchristopher@gmail.com""}]}",Integrated 6thgeneration software,DF05781989ED4E0A8E19F378,2025-08-19 19:09:42,2025-02-03 19:36:22,TRUE
e04d39fe-586b-4f8c-b298-5a2faa494781,chat,"{""id"": ""DBBFA5630AC2410F83C47B99"", ""title"": ""Object-based context-sensitive strategy"", ""duration"": 133.12, ""calendar_id"": ""AD48E6FF749A49F196BB21CFD18C74F3"", ""audio_url"": ""https://cook-gonzalez.net//audio.mp3"", ""video_url"": ""http://anderson.info//video.mp4"", ""transcript_url"": ""http://cohen-mckinney.info//transcript.txt"", ""dateString"": ""2025-07-02 17:48:19"", ""host_email"": ""gsmall@hotmail.com"", ""organizer_email"": ""lanelarry@gmail.com"", ""participants"": [""jameshill@yahoo.com"", ""nelsoneric@gmail.com"", ""clarkmichael@nelson-harding.com"", ""charlesaustin@fernandez-williams.com""], ""speakers"": [""rodriguezbrian@yahoo.com""], ""meeting_attendees"": [{""email"": ""jameshill@yahoo.com""}, {""email"": ""nelsoneric@gmail.com""}, {""email"": ""clarkmichael@nelson-harding.com""}, {""email"": ""charlesaustin@fernandez-williams.com""}]}",Focused directional circuit,DBBFA5630AC2410F83C47B99,2025-08-28 14:19:01,2025-04-11 05:13:33,TRUE
a7a2ecec-3e84-4d88-b639-030666d13e81,email,"{""id"": ""055C16E81E164E64A3BD7BAE"", ""title"": ""Inverse modular project"", ""duration"": 165.8, ""calendar_id"": ""6817CE57C3094D76B00EFE90323DF0D2"", ""audio_url"": ""http://www.montoya.com//audio.mp3"", ""video_url"": ""http://www.schmidt-price.org//video.mp4"", ""transcript_url"": ""https://www.maldonado.com//transcript.txt"", ""dateString"": ""2025-08-10 11:21:40"", ""host_email"": ""qwhite@yahoo.com"", ""organizer_email"": ""efreeman@yahoo.com"", ""participants"": [""timothy24@munoz-anderson.com"", ""nguyendebra@yahoo.com"", ""pgarza@hotmail.com"", ""terrireyes@clark-benson.biz"", ""amy32@hotmail.com""], ""speakers"": [""mwilson@nguyen-davis.info"", ""stephanie19@jennings.biz""], ""meeting_attendees"": [{""email"": ""timothy24@munoz-anderson.com""}, {""email"": ""nguyendebra@yahoo.com""}, {""email"": ""pgarza@hotmail.com""}, {""email"": ""terrireyes@clark-benson.biz""}, {""email"": ""amy32@hotmail.com""}]}",Synergistic exuding Internet solution,055C16E81E164E64A3BD7BAE,2025-05-14 16:46:43,2025-02-04 16:13:08,TRUE
10c1668b-b7c5-4ee3-9556-cfadceed7b22,chat,"{""id"": ""67D57A2E96A840FBB3DCB4E2"", ""title"": ""Optimized neutral knowledge user"", ""duration"": 93.54, ""calendar_id"": ""0550B25185424683B080188BF360901C"", ""audio_url"": ""https://lopez.com//audio.mp3"", ""video_url"": ""https://www.shaw.com//video.mp4"", ""transcript_url"": ""http://www.webb.com//transcript.txt"", ""dateString"": ""2025-02-25 04:21:04"", ""host_email"": ""sabbott@wood.com"", ""organizer_email"": ""daniel40@reynolds.biz"", ""participants"": [""bsullivan@hotmail.com"", ""thomaslopez@bridges-ward.biz""], ""speakers"": [""whitney22@jones.com"", ""iproctor@gmail.com"", ""ydalton@munoz.net""], ""meeting_attendees"": [{""email"": ""bsullivan@hotmail.com""}, {""email"": ""thomaslopez@bridges-ward.biz""}]}",Upgradable upward-trending moderator,67D57A2E96A840FBB3DCB4E2,2025-04-19 12:23:11,2025-06-30 13:31:14,TRUE
fc23783f-9d6d-4240-b650-eefcc2f73c11,meeting,"{""id"": ""88D74FD6BB9A4C579C035F5F"", ""title"": ""Innovative upward-trending toolset"", ""duration"": 80.03, ""calendar_id"": ""FB371D3BEF914EC5881185A0DA1962BA"", ""audio_url"": ""https://www.kennedy.com//audio.mp3"", ""video_url"": ""http://miller-wagner.com//video.mp4"", ""transcript_url"": ""https://www.campbell.com//transcript.txt"", ""dateString"": ""2025-08-23 12:01:28"", ""host_email"": ""sanchezcrystal@horne.org"", ""organizer_email"": ""bergeramanda@gmail.com"", ""participants"": [""ehunt@hotmail.com"", ""zgomez@yahoo.com""], ""speakers"": [""austinlivingston@hotmail.com""], ""meeting_attendees"": [{""email"": ""ehunt@hotmail.com""}, {""email"": ""zgomez@yahoo.com""}]}",Enhanced optimizing support,88D74FD6BB9A4C579C035F5F,2025-02-28 16:41:09,2025-06-23 11:06:33,TRUE
7b5f8ed1-070b-40f1-bbb9-3ec1c36e9b90,call,"{""id"": ""EF53A931D9F44CB683F8EC9D"", ""title"": ""Public-key scalable help-desk"", ""duration"": 141.18, ""calendar_id"": ""6B6D01CD765A45339791ECA347411035"", ""audio_url"": ""https://nelson-lang.com//audio.mp3"", ""video_url"": ""https://curry.com//video.mp4"", ""transcript_url"": ""https://www.kelley-chambers.com//transcript.txt"", ""dateString"": ""2025-01-05 15:29:18"", ""host_email"": ""josehaynes@yahoo.com"", ""organizer_email"": ""cooperchristopher@larson.info"", ""participants"": [""cyoung@hotmail.com"", ""beckywilkinson@may.com"", ""tross@reese-goodwin.net"", ""yvega@baker-moreno.biz""], ""speakers"": [""sara76@stewart.com""], ""meeting_attendees"": [{""email"": ""cyoung@hotmail.com""}, {""email"": ""beckywilkinson@may.com""}, {""email"": ""tross@reese-goodwin.net""}, {""email"": ""yvega@baker-moreno.biz""}]}",Open-source bandwidth-monitored moderator,EF53A931D9F44CB683F8EC9D,2025-02-10 08:29:09,2025-06-23 04:28:57,TRUE
40606e16-5484-4379-af85-c61aad13a61e,meeting,"{""id"": ""300AFE55510F4D6DABAA5EF0"", ""title"": ""Multi-tiered human-resource groupware"", ""duration"": 41.29, ""calendar_id"": ""F621FF88E98E4446B600D005B2358815"", ""audio_url"": ""http://thompson-jones.com//audio.mp3"", ""video_url"": ""https://www.vasquez.com//video.mp4"", ""transcript_url"": ""http://green.com//transcript.txt"", ""dateString"": ""2025-06-23 03:55:19"", ""host_email"": ""jessicaking@gmail.com"", ""organizer_email"": ""brownbrooke@sampson.com"", ""participants"": [""gatesdavid@gallagher.com"", ""jonowens@fowler.biz""], ""speakers"": [""fernando14@gmail.com""], ""meeting_attendees"": [{""email"": ""gatesdavid@gallagher.com""}, {""email"": ""jonowens@fowler.biz""}]}",Ameliorated modular collaboration,300AFE55510F4D6DABAA5EF0,2025-09-11 13:08:45,2025-09-06 16:21:26,TRUE
a40eaf14-1008-489c-b747-db9ed1ba6218,meeting,"{""id"": ""E812F6620E9A44BF81433A71"", ""title"": ""Pre-emptive attitude-oriented product"", ""duration"": 117.38, ""calendar_id"": ""ED9224670EBB46B299ACFCECCF872A01"", ""audio_url"": ""https://www.johnson.org//audio.mp3"", ""video_url"": ""http://brown-fernandez.com//video.mp4"", ""transcript_url"": ""https://johnson.com//transcript.txt"", ""dateString"": ""2025-01-17 15:03:37"", ""host_email"": ""ortegajoseph@rivera.info"", ""organizer_email"": ""upowell@gmail.com"", ""participants"": [""cruzhannah@martinez-nichols.com"", ""richard15@hotmail.com""], ""speakers"": [""randallkathleen@yahoo.com"", ""angelaponce@lee.com""], ""meeting_attendees"": [{""email"": ""cruzhannah@martinez-nichols.com""}, {""email"": ""richard15@hotmail.com""}]}",Open-architected bottom-line data-warehouse,E812F6620E9A44BF81433A71,2025-09-11 22:19:23,2025-07-23 03:49:42,TRUE
e076174d-93ae-4223-9a3e-a7e2907c1e17,chat,"{""id"": ""875ECAFF228B4369A14BB4B8"", ""title"": ""Adaptive context-sensitive array"", ""duration"": 36.27, ""calendar_id"": ""DBC403E2E1204D578525FA52D9BBC35C"", ""audio_url"": ""https://aguirre.com//audio.mp3"", ""video_url"": ""http://cole.com//video.mp4"", ""transcript_url"": ""http://clements.com//transcript.txt"", ""dateString"": ""2025-06-12 15:22:02"", ""host_email"": ""joycehall@gmail.com"", ""organizer_email"": ""tracysmith@williams.com"", ""participants"": [""lori17@jackson.com"", ""nlarson@brown.biz"", ""rnguyen@hotmail.com"", ""mary30@thompson.biz"", ""angela73@williams.org""], ""speakers"": [""alexistucker@gmail.com""], ""meeting_attendees"": [{""email"": ""lori17@jackson.com""}, {""email"": ""nlarson@brown.biz""}, {""email"": ""rnguyen@hotmail.com""}, {""email"": ""mary30@thompson.biz""}, {""email"": ""angela73@williams.org""}]}",Adaptive next generation encoding,875ECAFF228B4369A14BB4B8,2025-03-16 12:39:51,2025-02-15 15:15:08,TRUE
a7fa8dd3-dbc8-4a46-8d14-fe75036dfc17,meeting,"{""id"": ""3EE97B6D412D45E5B15A5856"", ""title"": ""Focused zero-defect budgetary management"", ""duration"": 61.51, ""calendar_id"": ""1FBC7126D35F489487D557F22C2FAFA4"", ""audio_url"": ""https://www.young.com//audio.mp3"", ""video_url"": ""https://www.ruiz.com//video.mp4"", ""transcript_url"": ""https://www.reilly.com//transcript.txt"", ""dateString"": ""2025-05-31 10:10:48"", ""host_email"": ""michelle88@marshall.com"", ""organizer_email"": ""leelaura@hotmail.com"", ""participants"": [""qthompson@gmail.com"", ""justin64@jensen-wu.info""], ""speakers"": [""yangsara@moore.info"", ""jacobsonjennifer@riley.com""], ""meeting_attendees"": [{""email"": ""qthompson@gmail.com""}, {""email"": ""justin64@jensen-wu.info""}]}",Multi-layered client-driven knowledgebase,3EE97B6D412D45E5B15A5856,2025-03-17 09:39:18,2025-09-03 10:51:49,TRUE
80696c69-6e85-416d-9848-a836ee440067,call,"{""id"": ""5027B4ECD1E841B296565C5B"", ""title"": ""Organized modular encoding"", ""duration"": 147.02, ""calendar_id"": ""82B48B5EC6E84E539F28CB417CF2336A"", ""audio_url"": ""http://www.dennis.com//audio.mp3"", ""video_url"": ""http://www.castillo.com//video.mp4"", ""transcript_url"": ""https://www.ford-taylor.biz//transcript.txt"", ""dateString"": ""2025-03-13 19:49:09"", ""host_email"": ""james20@hotmail.com"", ""organizer_email"": ""derek77@jackson-cooper.com"", ""participants"": [""belindatran@miller.info"", ""rhood@blair.com""], ""speakers"": [""ryan39@mcintyre.biz"", ""esparzajessica@johnson.com""], ""meeting_attendees"": [{""email"": ""belindatran@miller.info""}, {""email"": ""rhood@blair.com""}]}",Multi-layered responsive Local Area Network,5027B4ECD1E841B296565C5B,2025-09-03 23:44:14,2025-01-01 12:42:36,TRUE
edc6f034-0f6e-4057-b7ec-7f5b3eb2ed8c,meeting,"{""id"": ""791154412B844891AFC7EEA8"", ""title"": ""Triple-buffered national service-desk"", ""duration"": 159.69, ""calendar_id"": ""6ED2D86B8CBA4D0A8D135F636C198B0A"", ""audio_url"": ""https://richardson.com//audio.mp3"", ""video_url"": ""http://miller.com//video.mp4"", ""transcript_url"": ""http://www.hill.com//transcript.txt"", ""dateString"": ""2025-07-12 18:07:08"", ""host_email"": ""vbarry@johnson.org"", ""organizer_email"": ""olivermatthew@robertson.com"", ""participants"": [""reyessteven@diaz.net"", ""devonrogers@wilson.org"", ""lukehurst@frazier.com""], ""speakers"": [""hmason@yahoo.com""], ""meeting_attendees"": [{""email"": ""reyessteven@diaz.net""}, {""email"": ""devonrogers@wilson.org""}, {""email"": ""lukehurst@frazier.com""}]}",Distributed demand-driven model,791154412B844891AFC7EEA8,2025-09-01 14:38:16,2025-01-09 19:29:19,TRUE
c240e877-160f-4032-ac07-521968104411,chat,"{""id"": ""13FA7B5720CD4CFEB4EC483A"", ""title"": ""Monitored client-server hub"", ""duration"": 56.9, ""calendar_id"": ""05630225D92F4214B4B9CB1374D43B4D"", ""audio_url"": ""https://www.turner.info//audio.mp3"", ""video_url"": ""http://moore-cordova.net//video.mp4"", ""transcript_url"": ""https://kemp-montes.org//transcript.txt"", ""dateString"": ""2025-02-27 02:55:02"", ""host_email"": ""imontes@gmail.com"", ""organizer_email"": ""robert04@gmail.com"", ""participants"": [""wigginsjesse@newman.com"", ""kellis@gmail.com"", ""kristinaperez@yahoo.com"", ""hernandezjustin@gmail.com"", ""ian22@young.com""], ""speakers"": [""lgreen@hart.com""], ""meeting_attendees"": [{""email"": ""wigginsjesse@newman.com""}, {""email"": ""kellis@gmail.com""}, {""email"": ""kristinaperez@yahoo.com""}, {""email"": ""hernandezjustin@gmail.com""}, {""email"": ""ian22@young.com""}]}",Re-contextualized upward-trending intranet,13FA7B5720CD4CFEB4EC483A,2025-05-12 12:46:03,2025-02-13 14:51:26,TRUE
bdad63d7-141d-425b-81eb-362f9d22c484,meeting,"{""id"": ""77DC97B85ED14BDEA38B4732"", ""title"": ""Versatile client-driven customer loyalty"", ""duration"": 159.61, ""calendar_id"": ""0334E78A46F34B33BE5A45E919130227"", ""audio_url"": ""http://spencer-williams.com//audio.mp3"", ""video_url"": ""https://singh.com//video.mp4"", ""transcript_url"": ""https://flowers.com//transcript.txt"", ""dateString"": ""2025-06-12 00:10:58"", ""host_email"": ""taylorandrea@yahoo.com"", ""organizer_email"": ""owilliamson@howard-nguyen.org"", ""participants"": [""kimberlywang@johnson.info"", ""ulee@jacobs.com"", ""jenniferpatterson@yahoo.com"", ""mitchellmichael@yahoo.com"", ""jessicawallace@lara-roberts.biz""], ""speakers"": [""maryharper@gmail.com"", ""thomas85@fitzpatrick.biz"", ""ortizrobin@thompson-murray.org""], ""meeting_attendees"": [{""email"": ""kimberlywang@johnson.info""}, {""email"": ""ulee@jacobs.com""}, {""email"": ""jenniferpatterson@yahoo.com""}, {""email"": ""mitchellmichael@yahoo.com""}, {""email"": ""jessicawallace@lara-roberts.biz""}]}",Enhanced mobile solution,77DC97B85ED14BDEA38B4732,2025-09-08 09:50:22,2025-04-06 01:14:16,TRUE
e81a54d5-53b6-4877-b9e7-3ea365d326d1,email,"{""id"": ""5C6ADAA978BB401AB9839FBB"", ""title"": ""Future-proofed systemic standardization"", ""duration"": 148.11, ""calendar_id"": ""4932D027770D45759EE08EBD368FED82"", ""audio_url"": ""https://www.carpenter.net//audio.mp3"", ""video_url"": ""https://jenkins-mccall.com//video.mp4"", ""transcript_url"": ""http://www.gordon.net//transcript.txt"", ""dateString"": ""2025-08-27 05:34:00"", ""host_email"": ""hubbardtrevor@george.org"", ""organizer_email"": ""ooneill@hotmail.com"", ""participants"": [""brooksjessica@gmail.com"", ""bonniethomas@yahoo.com"", ""frank45@fields-friedman.com"", ""alyssa18@gmail.com""], ""speakers"": [""georgegary@brennan-serrano.com""], ""meeting_attendees"": [{""email"": ""brooksjessica@gmail.com""}, {""email"": ""bonniethomas@yahoo.com""}, {""email"": ""frank45@fields-friedman.com""}, {""email"": ""alyssa18@gmail.com""}]}",Team-oriented multi-tasking monitoring,5C6ADAA978BB401AB9839FBB,2025-08-03 00:44:37,2025-02-14 06:14:49,TRUE
8798f3ea-ff4c-43a8-bdf9-4139a5a3c0d8,meeting,"{""id"": ""879A5AC799AD40DABE17D185"", ""title"": ""Profit-focused zero-defect superstructure"", ""duration"": 158.79, ""calendar_id"": ""6EEC117C2F6743DF8B7D8B023AE73923"", ""audio_url"": ""http://www.weiss.net//audio.mp3"", ""video_url"": ""http://www.jackson-webster.com//video.mp4"", ""transcript_url"": ""http://www.york.com//transcript.txt"", ""dateString"": ""2025-06-20 17:58:57"", ""host_email"": ""hmoon@gmail.com"", ""organizer_email"": ""sbailey@taylor-ramos.org"", ""participants"": [""jenniferjohnson@gmail.com"", ""melissathomas@parker.com"", ""yvazquez@jones.biz"", ""danielmcguire@watkins.com"", ""elizabeth11@harris.com""], ""speakers"": [""thomasjulie@rush-bailey.com""], ""meeting_attendees"": [{""email"": ""jenniferjohnson@gmail.com""}, {""email"": ""melissathomas@parker.com""}, {""email"": ""yvazquez@jones.biz""}, {""email"": ""danielmcguire@watkins.com""}, {""email"": ""elizabeth11@harris.com""}]}",Synergistic bi-directional contingency,879A5AC799AD40DABE17D185,2025-05-18 19:11:02,2025-05-28 10:16:07,TRUE
6642a97f-9003-4a5f-8495-21579a728d07,meeting,"{""id"": ""49B814BA49284898B50361B4"", ""title"": ""Decentralized discrete interface"", ""duration"": 82.45, ""calendar_id"": ""940FA339F6644D4B811F221AEC2C123C"", ""audio_url"": ""https://miranda.biz//audio.mp3"", ""video_url"": ""https://morrison.com//video.mp4"", ""transcript_url"": ""http://martinez.info//transcript.txt"", ""dateString"": ""2025-03-31 15:24:54"", ""host_email"": ""willierussell@yahoo.com"", ""organizer_email"": ""irodriguez@farmer-bush.net"", ""participants"": [""murphydarrell@bryant-fitzgerald.info"", ""broberts@gates.com"", ""lutztravis@sanders.com""], ""speakers"": [""ralphneal@figueroa.com"", ""matthewlarson@yahoo.com""], ""meeting_attendees"": [{""email"": ""murphydarrell@bryant-fitzgerald.info""}, {""email"": ""broberts@gates.com""}, {""email"": ""lutztravis@sanders.com""}]}",Self-enabling client-driven algorithm,49B814BA49284898B50361B4,2025-02-08 16:22:15,2025-01-21 12:37:12,TRUE
dcadaab3-589e-4786-98e3-8d0f686907fc,call,"{""id"": ""50B0874DA20948819858DB92"", ""title"": ""Switchable neutral software"", ""duration"": 129.0, ""calendar_id"": ""B0D2A81E19014685AA17D71B773E916F"", ""audio_url"": ""https://dickerson.info//audio.mp3"", ""video_url"": ""https://flores-johnson.com//video.mp4"", ""transcript_url"": ""http://pacheco-silva.com//transcript.txt"", ""dateString"": ""2025-05-28 19:12:03"", ""host_email"": ""lgregory@jacobs-murphy.com"", ""organizer_email"": ""guerreroapril@sparks-harris.info"", ""participants"": [""amy88@gmail.com"", ""hbeard@cole-farrell.info"", ""johnsonangela@yahoo.com""], ""speakers"": [""tjordan@price.info""], ""meeting_attendees"": [{""email"": ""amy88@gmail.com""}, {""email"": ""hbeard@cole-farrell.info""}, {""email"": ""johnsonangela@yahoo.com""}]}",Cross-platform interactive hardware,50B0874DA20948819858DB92,2025-05-19 18:53:35,2025-06-09 23:27:43,TRUE
48039bc3-2e34-411b-be02-c4ea67d598a5,chat,"{""id"": ""3593E0E83B744590A3192063"", ""title"": ""Universal optimal attitude"", ""duration"": 159.65, ""calendar_id"": ""62291CB40FC64A05A8C774EF9A406A66"", ""audio_url"": ""https://knight.info//audio.mp3"", ""video_url"": ""https://www.flynn-pearson.com//video.mp4"", ""transcript_url"": ""https://fernandez.org//transcript.txt"", ""dateString"": ""2025-07-20 03:35:21"", ""host_email"": ""stanleyjohn@hotmail.com"", ""organizer_email"": ""lozanocameron@yahoo.com"", ""participants"": [""geoffrey85@murray.org"", ""andrew79@gmail.com"", ""uhudson@hotmail.com"", ""rgarcia@rogers.com""], ""speakers"": [""michael63@reid-dickson.com"", ""joseph49@ballard-weber.com""], ""meeting_attendees"": [{""email"": ""geoffrey85@murray.org""}, {""email"": ""andrew79@gmail.com""}, {""email"": ""uhudson@hotmail.com""}, {""email"": ""rgarcia@rogers.com""}]}",Persevering static task-force,3593E0E83B744590A3192063,2025-08-01 15:39:08,2025-03-12 03:19:18,TRUE
758f700d-f473-4173-b74c-1a678942e206,chat,"{""id"": ""F4546C40245E4230ADAD9B75"", ""title"": ""Synchronized stable array"", ""duration"": 106.41, ""calendar_id"": ""39A9A10242164D15B20D85B4FF7240CC"", ""audio_url"": ""https://www.rodriguez.net//audio.mp3"", ""video_url"": ""http://wilkerson-young.com//video.mp4"", ""transcript_url"": ""https://mclaughlin.biz//transcript.txt"", ""dateString"": ""2025-03-26 15:59:07"", ""host_email"": ""barbaralewis@hurley.org"", ""organizer_email"": ""boydmichael@gmail.com"", ""participants"": [""juliecannon@jenkins-dalton.com"", ""sadams@martin.com"", ""jamessanchez@marshall-castro.biz"", ""harrisjoseph@gmail.com""], ""speakers"": [""donna20@hotmail.com"", ""brownpeggy@yahoo.com"", ""lesterrichard@yahoo.com""], ""meeting_attendees"": [{""email"": ""juliecannon@jenkins-dalton.com""}, {""email"": ""sadams@martin.com""}, {""email"": ""jamessanchez@marshall-castro.biz""}, {""email"": ""harrisjoseph@gmail.com""}]}",Digitized bi-directional conglomeration,F4546C40245E4230ADAD9B75,2025-03-25 03:38:13,2025-04-17 14:57:59,TRUE
a6e4553a-768f-4569-b47c-8fd6fc0f2845,chat,"{""id"": ""E0DEF713438840249C3C3910"", ""title"": ""Sharable tangible hierarchy"", ""duration"": 161.56, ""calendar_id"": ""89AA5D3A551F4627B113CC82DDECFA34"", ""audio_url"": ""http://www.price-browning.biz//audio.mp3"", ""video_url"": ""https://mayer.com//video.mp4"", ""transcript_url"": ""http://www.welch-suarez.biz//transcript.txt"", ""dateString"": ""2025-01-14 03:48:00"", ""host_email"": ""lking@gmail.com"", ""organizer_email"": ""holly15@hotmail.com"", ""participants"": [""rvega@gmail.com"", ""tbaldwin@gmail.com""], ""speakers"": [""vazquezkristina@king.com""], ""meeting_attendees"": [{""email"": ""rvega@gmail.com""}, {""email"": ""tbaldwin@gmail.com""}]}",Grass-roots attitude-oriented time-frame,E0DEF713438840249C3C3910,2025-07-10 22:54:01,2025-07-02 22:53:20,TRUE
2e6e3469-15c9-49e4-98a3-ffd97e016e0d,chat,"{""id"": ""960046D5BC534E4A94181B7E"", ""title"": ""Exclusive empowering standardization"", ""duration"": 174.38, ""calendar_id"": ""CDFF30D9370B47BFA8B86CCB9425C748"", ""audio_url"": ""http://www.williamson-burke.com//audio.mp3"", ""video_url"": ""http://valentine.com//video.mp4"", ""transcript_url"": ""https://snyder.com//transcript.txt"", ""dateString"": ""2025-04-22 20:00:00"", ""host_email"": ""jennifer12@hotmail.com"", ""organizer_email"": ""bellcarrie@hotmail.com"", ""participants"": [""wneal@gmail.com"", ""igibbs@morales.com"", ""rodriguezjohn@hotmail.com""], ""speakers"": [""usparks@mendoza-moss.com"", ""lauren31@richardson-long.biz"", ""vaughansandra@salazar.info""], ""meeting_attendees"": [{""email"": ""wneal@gmail.com""}, {""email"": ""igibbs@morales.com""}, {""email"": ""rodriguezjohn@hotmail.com""}]}",User-friendly modular implementation,960046D5BC534E4A94181B7E,2025-02-20 13:32:44,2025-06-17 12:05:14,TRUE
607b561d-4636-45d3-87a4-450e81e068da,chat,"{""id"": ""977E45F560D54F8C888A75D4"", ""title"": ""Front-line methodical help-desk"", ""duration"": 119.49, ""calendar_id"": ""4F86AF974CA345258C853B5AEEF3A09B"", ""audio_url"": ""http://www.wagner-james.biz//audio.mp3"", ""video_url"": ""https://www.williams.info//video.mp4"", ""transcript_url"": ""https://davis.net//transcript.txt"", ""dateString"": ""2025-06-18 03:11:48"", ""host_email"": ""wandacampbell@lopez.com"", ""organizer_email"": ""joe73@yahoo.com"", ""participants"": [""smithdean@yahoo.com"", ""jennifererickson@hotmail.com""], ""speakers"": [""davisbrian@yahoo.com""], ""meeting_attendees"": [{""email"": ""smithdean@yahoo.com""}, {""email"": ""jennifererickson@hotmail.com""}]}",Digitized empowering budgetary management,977E45F560D54F8C888A75D4,2025-05-02 15:53:03,2025-01-18 03:37:16,TRUE
6895a55d-15c9-4767-82cb-29aa7b48b444,email,"{""id"": ""4F3E450F2D9949499043E7E8"", ""title"": ""Synergistic bandwidth-monitored groupware"", ""duration"": 120.93, ""calendar_id"": ""40D8FD3BDD0A4D0988028B5BB532B6CE"", ""audio_url"": ""http://zavala.com//audio.mp3"", ""video_url"": ""https://www.miller.info//video.mp4"", ""transcript_url"": ""https://barrett.org//transcript.txt"", ""dateString"": ""2025-06-25 23:13:00"", ""host_email"": ""rsavage@ward.com"", ""organizer_email"": ""ryan25@hotmail.com"", ""participants"": [""angelalivingston@hotmail.com"", ""lopezbrian@gmail.com"", ""tgreen@graham-carney.info"", ""tkelly@washington.com""], ""speakers"": [""clayton42@brady.org"", ""foxashley@knapp-sanchez.info""], ""meeting_attendees"": [{""email"": ""angelalivingston@hotmail.com""}, {""email"": ""lopezbrian@gmail.com""}, {""email"": ""tgreen@graham-carney.info""}, {""email"": ""tkelly@washington.com""}]}",Inverse upward-trending superstructure,4F3E450F2D9949499043E7E8,2025-08-10 00:56:28,2025-02-20 05:21:05,TRUE
c65ffb38-5f41-4a18-a1d9-45c4e8a23f04,email,"{""id"": ""048474DCE0B24069B3CE5CC8"", ""title"": ""Open-source bandwidth-monitored Local Area Network"", ""duration"": 58.51, ""calendar_id"": ""2623A7294CE74FD6935D49691919A41F"", ""audio_url"": ""https://richards-mack.com//audio.mp3"", ""video_url"": ""http://hartman.com//video.mp4"", ""transcript_url"": ""http://evans.info//transcript.txt"", ""dateString"": ""2025-08-31 06:20:03"", ""host_email"": ""solisjustin@manning.org"", ""organizer_email"": ""rossgregory@yahoo.com"", ""participants"": [""phelpsfrank@mitchell-goodwin.com"", ""travis64@munoz.com"", ""ygriffin@adams-burke.com"", ""christina66@gmail.com"", ""teresa32@rose-holland.com""], ""speakers"": [""zkim@yahoo.com"", ""traceysutton@yahoo.com"", ""dphillips@jones.biz""], ""meeting_attendees"": [{""email"": ""phelpsfrank@mitchell-goodwin.com""}, {""email"": ""travis64@munoz.com""}, {""email"": ""ygriffin@adams-burke.com""}, {""email"": ""christina66@gmail.com""}, {""email"": ""teresa32@rose-holland.com""}]}",Fundamental global workforce,048474DCE0B24069B3CE5CC8,2025-03-14 16:45:12,2025-03-23 23:17:59,TRUE
65b1bc02-427e-416c-b136-3cfe5c1436e8,meeting,"{""id"": ""45F5117724CC4A73997C7199"", ""title"": ""Fully-configurable dedicated frame"", ""duration"": 107.99, ""calendar_id"": ""25A65D56684C4B9C8C93AEBDD345F4BB"", ""audio_url"": ""https://www.smith-mccoy.biz//audio.mp3"", ""video_url"": ""https://lane.com//video.mp4"", ""transcript_url"": ""https://palmer-hardy.info//transcript.txt"", ""dateString"": ""2025-04-01 01:31:06"", ""host_email"": ""burgesscassandra@rodriguez.com"", ""organizer_email"": ""dianastevens@melton-church.org"", ""participants"": [""christine95@hotmail.com"", ""christopher20@gmail.com"", ""hortonjacob@clark.com"", ""ywilkinson@lee.info"", ""wilsonrachel@hotmail.com""], ""speakers"": [""cruiz@hotmail.com""], ""meeting_attendees"": [{""email"": ""christine95@hotmail.com""}, {""email"": ""christopher20@gmail.com""}, {""email"": ""hortonjacob@clark.com""}, {""email"": ""ywilkinson@lee.info""}, {""email"": ""wilsonrachel@hotmail.com""}]}",Universal analyzing moderator,45F5117724CC4A73997C7199,2025-01-08 09:16:33,2025-06-13 21:22:02,TRUE
